rang_forme,player,rank,elo_global,elo_hard,elo_clay,elo_grass,momentum_90j,winrate_90j,winrate_last20,matchs_90j,serie,derniere_date,n_matchs_total,etabli,indice_forme,indice_forme_hard,indice_forme_clay,indice_forme_grass
1,Jannik Sinner,2,1941,1916,1789,1774,9.0,1.0,0.9,7,14,2026-07-12,434,True,151.5,152.5,142.8,144.3
2,Novak Djokovic,5,1944,1922,1856,1841,1.0,0.833,0.8,6,-1,2026-07-10,670,True,148.2,149.6,147.6,149.9
3,Carlos Alcaraz,1,1924,1857,1850,1813,0.0,,0.8,0,-1,2026-04-12,355,True,145.8,142.0,146.6,145.8
4,Alexander Zverev,3,1801,1774,1779,1668,3.0,0.75,0.65,8,-1,2026-07-12,746,True,131.8,131.5,136.4,124.6
5,Daniil Medvedev,13,1796,1800,1654,1683,-2.0,0.667,0.75,6,2,2026-06-17,620,True,131.3,134.4,120.6,126.7
6,Jack Draper,5,1726,1702,1643,1652,-3.0,0.5,0.65,2,-1,2026-06-26,174,True,122.3,121.8,117.5,120.8
7,Alex de Minaur,7,1747,1735,1624,1652,-4.0,0.5,0.5,4,-1,2026-06-14,503,True,122.1,123.1,112.8,118.4
8,Stefanos Tsitsipas,33,1733,1699,1771,1601,1.0,0.667,0.5,3,-1,2026-07-01,564,True,122.0,120.5,132.7,112.7
9,Arthur Fils,21,1681,1633,1666,1627,12.0,1.0,0.65,3,5,2026-04-29,153,True,121.8,118.3,124.6,121.5
10,Hubert Hurkacz,83,1707,1687,1623,1639,2.0,0.75,0.65,4,1,2026-06-24,389,True,121.7,121.5,116.4,120.3
11,Grigor Dimitrov,47,1711,1705,1629,1612,0.0,0.667,0.6,3,1,2026-07-04,560,True,120.9,122.3,115.9,115.4
12,Ben Shelton,8,1698,1684,1617,1611,7.0,0.8,0.55,5,2,2026-06-14,200,True,120.8,121.2,115.6,116.5
13,Casper Ruud,13,1711,1641,1750,1625,-1.0,0.5,0.55,4,-1,2026-05-31,470,True,119.9,114.2,130.2,116.2
14,Felix Auger-Aliassime,5,1701,1701,1616,1625,-3.0,0.5,0.6,6,-1,2026-07-07,452,True,119.0,121.0,113.4,116.3
15,Taylor Fritz,6,1732,1712,1635,1649,-5.0,0.4,0.4,5,-1,2026-07-08,566,True,118.9,118.9,112.5,116.3
16,Andrey Rublev,16,1708,1694,1676,1642,-2.0,0.0,0.5,1,-1,2026-04-19,589,True,118.6,119.1,119.9,117.5
17,Tommy Paul,21,1697,1661,1635,1632,-2.0,0.5,0.55,6,-2,2026-06-26,359,True,118.2,116.1,115.4,116.9
18,Gauthier Onclin,239,1586,1583,1586,1583,34.0,0.833,0.75,6,-1,2026-07-09,16,True,117.9,118.7,120.5,121.4
19,Rafael Jodar,168,1617,1605,1611,1617,14.0,0.6,0.786,5,-1,2026-05-13,14,True,117.6,117.6,120.1,122.6
20,Matteo Berrettini,56,1701,1638,1706,1691,-6.0,0.4,0.55,5,-2,2026-07-04,335,True,117.5,112.4,123.3,123.9
21,Nick Kyrgios,892,1703,1691,1621,1633,-3.0,0.5,0.45,2,-1,2026-06-22,313,True,117.1,117.8,111.9,115.3
22,Learner Tien,28,1648,1644,1596,1614,2.0,0.667,0.75,3,-1,2026-06-23,80,True,117.0,118.1,114.4,118.3
23,Ugo Humbert,36,1647,1668,1486,1589,4.0,0.714,0.7,7,-1,2026-06-28,332,True,116.7,120.7,100.4,114.7
24,Alejandro Davidovich Fokina,15,1642,1618,1595,1578,7.0,1.0,0.65,3,3,2026-06-27,313,True,116.3,115.2,114.2,113.3
25,Jakub Mensik,18,1663,1659,1620,1598,4.0,0.6,0.55,5,2,2026-06-02,119,True,116.3,117.6,115.2,113.9
26,Zsombor Piros,154,1589,1588,1569,1589,21.0,0.692,0.75,13,6,2026-07-12,38,True,116.1,117.1,116.2,120.1
27,Kei Nishikori,67,1683,1678,1676,1625,0.0,,0.45,0,-3,2026-04-09,395,True,115.9,117.2,119.7,115.1
28,Matheus Pucinelli De Almeida,302,1568,1559,1563,1568,44.0,0.75,0.692,8,-1,2026-07-10,13,True,115.2,115.2,116.7,118.5
29,Valentin Vacherot,32,1632,1639,1578,1632,6.0,1.0,0.65,1,1,2026-07-15,40,True,115.0,117.3,111.8,120.5
30,Jiri Lehecka,19,1675,1659,1589,1615,-3.0,0.5,0.5,6,1,2026-06-25,219,True,114.9,114.9,108.6,113.6
31,Alejandro Tabilo,81,1586,1548,1576,1563,23.0,1.0,0.65,6,6,2026-05-06,157,True,114.9,111.8,116.3,115.7
32,Joao Fonseca,28,1643,1651,1597,1603,1.0,0.5,0.65,4,-1,2026-06-02,69,True,114.8,117.2,112.8,115.1
33,Alexander Bublik,11,1641,1592,1576,1630,1.0,0.571,0.65,7,-1,2026-07-06,377,True,114.6,110.7,110.2,118.8
34,Francisco Cerundolo,20,1642,1610,1646,1568,7.0,1.0,0.5,2,2,2026-06-21,259,True,114.2,112.2,118.6,109.9
35,Raphael Collignon,84,1560,1563,1542,1555,25.0,0.8,0.7,5,2,2026-07-16,33,True,113.5,114.8,113.2,115.9
36,Henrique Rocha,200,1577,1578,1555,1577,20.0,1.0,0.647,2,3,2026-06-10,17,True,113.1,114.3,112.7,116.8
37,Gustavo Heide,160,1545,1561,1515,1545,35.0,0.833,0.65,6,5,2026-06-29,25,True,112.2,114.8,110.1,114.8
38,Frances Tiafoe,30,1633,1621,1552,1584,5.0,0.667,0.45,6,4,2026-06-21,464,True,112.0,112.2,105.4,110.8
39,Karen Khachanov,17,1666,1644,1636,1626,-5.0,0.0,0.4,2,-3,2026-06-24,535,True,112.0,111.3,112.6,113.1
40,Giovanni Mpetshi Perricard,63,1586,1590,1546,1549,13.0,0.75,0.6,4,2,2026-06-23,89,True,111.5,113.0,109.0,110.3
41,Roman Safiullin,94,1546,1542,1510,1533,28.0,1.0,0.55,7,7,2026-06-16,143,True,110.8,111.1,107.9,111.6
42,Cameron Norrie,28,1640,1612,1639,1583,-5.0,0.0,0.5,2,-2,2026-06-25,436,True,110.7,109.1,114.4,108.6
43,Brandon Nakashima,33,1612,1604,1546,1576,2.0,0.667,0.55,3,2,2026-06-30,252,True,110.4,110.9,105.3,110.3
44,Roberto Bautista Agut,90,1620,1612,1579,1621,0.0,0.5,0.5,2,1,2026-06-27,603,True,110.0,110.5,108.2,115.2
45,Luciano Darderi,24,1575,1450,1642,1538,17.0,0.714,0.5,7,2,2026-07-15,125,True,110.0,97.1,120.8,108.5
46,Daniel Antonio Nunez,790,1537,1535,1536,1537,17.0,1.0,0.75,1,1,2026-06-29,4,True,109.6,110.1,111.0,111.9
47,Peter Buldorini,921,1518,1519,1518,1518,41.0,1.0,0.667,2,2,2026-06-20,3,True,109.6,110.4,110.7,111.3
48,Denis Shapovalov,23,1618,1629,1564,1541,-1.0,0.5,0.5,2,1,2026-06-15,435,True,109.5,112.1,106.0,103.9
49,Alex Molcan,201,1593,1526,1627,1565,5.0,0.6,0.55,5,1,2026-07-15,104,True,109.3,103.0,116.3,109.6
50,Jan Choinski,126,1529,1537,1523,1510,72.0,0.875,0.55,8,4,2026-07-12,21,True,109.1,110.7,109.7,108.5
51,Facundo Diaz Acosta,130,1539,1528,1540,1536,21.0,0.75,0.6,8,-1,2026-07-11,65,True,108.8,108.3,110.5,110.7
52,Marin Cilic,70,1633,1607,1605,1676,-2.0,0.0,0.35,1,-4,2026-04-24,483,True,108.7,107.3,108.8,120.1
53,Colton Smith,136,1533,1528,1531,1533,26.0,1.0,0.538,2,4,2026-05-31,13,True,108.7,108.8,109.8,110.8
54,Robert Strombachs,407,1548,1554,1548,1548,11.0,1.0,0.7,1,3,2026-06-29,10,True,108.4,109.9,110.1,111.0
55,Oliver Tarvet,733,1534,1533,1534,1532,18.0,1.0,0.667,1,1,2026-06-12,3,True,108.4,109.0,109.8,110.3
56,Clement Tabur,243,1530,1537,1520,1530,24.0,0.571,0.571,7,-1,2026-06-12,14,True,108.3,109.8,108.4,110.3
57,Kamil Majchrzak,59,1552,1557,1502,1535,19.0,0.75,0.5,4,-1,2026-06-16,108,True,108.2,109.6,103.7,108.6
58,Zizou Bergs,42,1574,1562,1524,1547,5.0,0.667,0.6,3,2,2026-06-28,128,True,108.0,107.7,104.0,107.8
59,Yanki Erel,433,1515,1524,1510,1515,37.0,1.0,0.571,2,2,2026-04-23,7,True,108.0,109.6,108.4,109.5
60,Stefanos Sakellaridis,277,1521,1510,1523,1521,28.0,1.0,0.538,2,4,2026-05-31,13,True,108.0,107.4,109.4,109.7
61,Pablo Carreno Busta,92,1620,1618,1604,1533,-6.0,0.25,0.45,4,-2,2026-06-27,480,True,107.6,108.8,109.0,100.8
62,Marcos Giron,60,1574,1560,1503,1548,5.0,1.0,0.55,2,2,2026-06-13,283,True,107.3,106.8,100.7,107.3
63,Gael Monfils,110,1635,1660,1543,1573,-3.0,0.0,0.25,1,-8,2026-05-25,449,True,107.2,111.5,99.3,104.3
64,Jenson Brooksby,48,1625,1604,1592,1590,-10.0,0.0,0.45,2,-3,2026-06-17,119,True,107.1,106.1,106.4,107.5
65,Oliver Crawford,248,1509,1513,1509,1507,46.0,0.8,0.556,5,1,2026-07-15,9,True,107.1,108.1,108.0,108.2
66,Franco Roncadelli,371,1512,1501,1520,1512,36.0,0.8,0.526,5,-1,2026-05-16,19,True,107.0,106.4,109.0,108.5
67,Martin Damm,431,1552,1555,1549,1552,12.0,0.5,0.556,2,1,2026-06-24,9,True,107.0,108.2,108.5,109.8
68,Sebastian Baez,39,1570,1502,1625,1525,0.0,0.5,0.65,8,1,2026-07-14,242,True,106.9,100.4,116.1,104.1
69,Jacob Fearnley,77,1553,1525,1554,1542,19.0,0.8,0.4,5,3,2026-07-12,49,True,106.9,104.6,108.9,108.2
70,Matteo Arnaldi,72,1579,1564,1572,1547,11.0,0.667,0.35,6,1,2026-07-16,144,True,106.7,106.1,108.2,106.0
71,Pablo Llamas Ruiz,361,1573,1576,1552,1573,0.0,,0.611,0,5,2026-03-29,18,True,106.7,108.1,106.3,110.2
72,Adolfo Daniel Vallejo,256,1575,1578,1562,1570,-6.0,0.5,0.7,6,1,2026-07-16,24,True,106.5,107.9,107.2,109.4
73,Jesper de Jong,71,1544,1532,1550,1525,13.0,1.0,0.55,2,2,2026-07-13,47,True,106.4,105.9,108.8,106.3
74,Olle Wallin,410,1520,1519,1520,1520,18.0,0.667,0.6,3,2,2026-06-30,5,True,106.0,106.5,107.1,107.7
75,Tallon Griekspoor,25,1610,1581,1559,1595,-4.0,0.0,0.35,1,-3,2026-05-16,254,True,105.8,103.8,102.4,108.4
76,Thiago Seyboth Wild,146,1522,1499,1524,1519,19.0,1.0,0.55,4,4,2026-07-15,102,True,105.8,103.9,107.2,107.1
77,Darwin Blanch,364,1504,1491,1509,1506,48.0,0.75,0.5,8,-1,2026-07-10,21,True,105.8,104.9,107.2,107.3
78,Soonwoo Kwon,478,1557,1555,1529,1530,8.0,1.0,0.5,2,7,2026-05-10,145,True,105.7,106.4,104.1,104.9
79,Cristian Garin,124,1569,1509,1593,1542,3.0,1.0,0.5,1,1,2026-04-28,255,True,105.5,99.8,110.8,105.2
80,Marton Fucsovics,55,1581,1546,1568,1555,-2.0,0.0,0.5,1,-2,2026-06-11,353,True,105.4,102.6,106.2,105.6
81,Johannus Monday,224,1513,1513,1513,1511,23.0,1.0,0.5,1,1,2026-05-25,2,True,105.2,105.8,106.2,106.4
82,Henry Searle,421,1497,1497,1497,1498,65.0,0.833,0.5,6,5,2026-07-12,10,True,105.1,105.6,105.7,106.2
83,Dan Added,194,1516,1516,1516,1516,16.0,0.667,0.6,3,1,2026-07-14,5,True,105.0,105.6,106.1,106.6
84,Flavio Cobolli,22,1612,1573,1601,1576,-13.0,0.167,0.45,6,-2,2026-06-15,151,True,104.9,101.9,106.7,104.7
85,Titouan Droguet,176,1534,1528,1533,1534,12.0,0.571,0.529,7,1,2026-07-14,17,True,104.8,104.9,106.1,107.0
86,Corentin Moutet,35,1566,1543,1521,1542,-2.0,0.0,0.55,1,-4,2026-06-09,216,True,104.6,103.0,101.0,104.5
87,Hamad Medjedovic,96,1576,1594,1525,1554,-3.0,0.0,0.5,1,-1,2026-05-27,81,True,104.6,107.7,100.5,105.2
88,Thanasi Kokkinakis,71,1563,1559,1518,1532,-1.0,0.5,0.55,2,1,2026-06-23,173,True,104.5,105.0,100.9,103.4
89,August Holmgren,176,1547,1549,1543,1537,2.0,0.571,0.6,7,1,2026-07-15,26,True,104.4,105.4,105.6,105.6
90,Blaise Bicknell,1078,1573,1574,1561,1573,-14.0,0.0,0.706,1,-1,2026-04-23,17,True,104.2,105.3,105.0,107.7
91,Leandro Riedi,435,1503,1516,1497,1502,23.0,0.667,0.5,6,-2,2026-06-11,26,True,104.2,106.1,104.2,105.2
92,Arthur Rinderknech,29,1568,1563,1526,1524,-5.0,0.0,0.55,2,-2,2026-05-28,218,True,103.9,104.4,100.8,101.2
93,Borna Gojo,255,1553,1573,1521,1544,0.0,,0.55,0,5,2026-03-29,59,True,103.8,106.9,101.6,105.3
94,Dane Sweeny,183,1492,1489,1492,1492,28.0,1.0,0.455,2,2,2026-06-09,11,True,103.8,103.9,104.3,104.6
95,Ignacio Buse,112,1541,1514,1562,1541,6.0,0.5,0.526,2,1,2026-05-23,19,True,103.8,101.6,108.1,106.2
96,Adam Walton,77,1491,1485,1491,1488,26.0,0.714,0.5,7,-1,2026-07-12,63,True,103.8,103.5,104.3,104.1
97,Alexei Popyrin,50,1568,1543,1560,1494,4.0,1.0,0.35,1,1,2026-05-09,249,True,103.6,101.8,104.8,96.8
98,Reilly Opelka,60,1582,1584,1524,1537,-4.0,0.0,0.4,1,-2,2026-04-23,242,True,103.5,104.9,98.7,101.2
99,Botic van de Zandschulp,75,1565,1563,1546,1534,-3.0,0.0,0.5,1,-1,2026-07-16,225,True,103.5,104.2,103.2,102.4
100,Andrea Pellegrino,139,1521,1526,1508,1521,12.0,0.6,0.533,5,-2,2026-07-08,15,True,103.5,104.7,103.0,105.3
101,Liam Draxl,117,1511,1511,1511,1511,17.0,1.0,0.5,1,2,2026-06-03,6,True,103.4,103.9,104.3,104.8
102,Tomas Martin Etcheverry,61,1558,1537,1560,1502,-1.0,0.0,0.5,1,-2,2026-06-16,202,True,103.3,101.9,105.5,98.6
103,Alexander Shevchenko,104,1534,1530,1519,1517,3.0,0.667,0.6,3,-1,2026-06-14,127,True,103.3,103.6,102.8,103.2
104,Laslo Djere,95,1559,1509,1591,1484,6.0,1.0,0.35,3,3,2026-05-19,323,True,103.2,98.6,109.2,95.9
105,Gonzalo Bueno,209,1512,1504,1516,1512,13.0,1.0,0.556,1,1,2026-06-16,9,True,103.2,102.8,104.6,104.6
106,Trevor Svajda,669,1496,1496,1496,1496,22.0,1.0,0.5,1,1,2026-07-12,2,True,103.2,103.6,103.8,104.1
107,Yibing Wu,179,1560,1565,1536,1531,-5.0,0.333,0.55,3,-2,2026-06-29,67,True,103.1,104.6,102.1,102.2
108,Ergi Kirkin,479,1537,1537,1537,1534,0.0,,0.625,0,2,2026-03-30,8,True,103.1,103.9,104.6,105.0
109,Jaime Faria,115,1484,1497,1472,1483,26.0,0.667,0.5,6,2,2026-07-14,30,True,103.1,104.9,101.9,103.4
110,Jan-Lennard Struff,82,1577,1530,1568,1535,-4.0,0.0,0.4,2,-8,2026-06-10,464,True,103.0,98.8,104.3,100.9
111,Gerard Campana Lee,381,1494,1494,1494,1494,27.0,0.667,0.4,3,-1,2026-07-07,5,True,103.0,103.4,103.5,103.8
112,Hugo Dellien,121,1462,1468,1472,1457,31.0,1.0,0.6,6,8,2026-07-12,117,True,102.9,103.7,104.0,102.0
113,Benjamin Bonzi,53,1527,1530,1493,1508,4.0,1.0,0.6,1,2,2026-06-06,148,True,102.9,103.9,99.8,102.2
114,Arthur Gea,306,1544,1545,1543,1541,-6.0,0.5,0.667,2,-1,2026-06-17,9,True,102.8,103.7,104.3,104.9
115,Corentin Denolly,328,1495,1496,1495,1495,21.0,0.667,0.5,3,-1,2026-05-24,6,True,102.8,103.4,103.4,103.7
116,Miomir Kecmanovic,59,1554,1546,1542,1519,3.0,1.0,0.4,1,1,2026-05-17,350,True,102.6,102.6,102.9,100.6
117,Tristan Boyer,113,1498,1512,1491,1498,21.0,0.75,0.45,4,-1,2026-05-27,20,True,102.4,104.4,102.2,103.4
118,Stan Wawrinka,157,1586,1608,1578,1542,-3.0,0.0,0.25,1,-5,2026-07-14,414,True,102.1,105.7,103.7,100.0
119,Zhizhen Zhang,410,1544,1517,1560,1515,2.0,0.571,0.45,7,-1,2026-06-19,144,True,102.0,99.8,105.6,100.5
120,Rodrigo Pacheco Mendez,212,1512,1498,1514,1512,9.0,1.0,0.55,1,1,2026-07-02,24,True,102.0,101.0,103.2,103.4
121,Andrej Nedic,363,1502,1508,1497,1502,13.0,0.667,0.545,3,2,2026-06-24,11,True,102.0,103.1,102.1,103.1
122,Mark Lajal,149,1518,1519,1512,1517,9.0,0.667,0.5,3,1,2026-07-16,18,True,101.9,102.6,102.2,103.4
123,Nicolai Budkov Kjaer,136,1493,1493,1489,1494,21.0,1.0,0.45,2,2,2026-06-24,24,True,101.9,102.3,101.9,102.9
124,Vitaliy Sachko,222,1481,1485,1479,1481,29.0,1.0,0.375,2,2,2026-07-11,16,True,101.7,102.5,101.7,102.1
125,Remy Bertola,268,1538,1534,1537,1538,-5.0,0.5,0.615,2,-1,2026-07-16,13,True,101.7,102.0,103.1,104.1
126,Lorenzo Sonego,39,1559,1548,1522,1554,-6.0,0.0,0.45,2,-3,2026-07-16,357,True,101.3,101.0,98.6,103.6
127,Fabian Marozsan,52,1564,1575,1538,1507,-8.0,0.0,0.45,2,-5,2026-06-26,135,True,101.3,103.5,100.1,96.6
128,Gabriel Diallo,41,1557,1519,1550,1560,0.0,,0.35,0,-6,2026-04-01,87,True,101.3,98.0,102.4,104.7
129,Juan Manuel Cerundolo,71,1507,1496,1514,1506,13.0,1.0,0.45,2,2,2026-05-17,62,True,101.2,100.5,102.9,102.3
130,Thanapet Chanta,706,1483,1486,1482,1483,24.0,0.667,0.4,3,-1,2026-05-19,5,True,101.0,101.7,101.2,101.5
131,Nicolas Jarry,102,1546,1487,1570,1531,0.0,,0.4,0,-1,2026-04-16,258,True,100.9,95.2,105.6,101.4
132,Henry Bernet,481,1483,1478,1492,1483,22.0,0.6,0.429,5,-1,2026-07-11,7,True,100.8,100.6,102.3,101.3
133,Nikoloz Basilashvili,101,1529,1515,1519,1513,3.0,1.0,0.45,1,2,2026-05-05,341,True,100.7,99.8,100.7,100.5
134,Alexandre Muller,50,1544,1512,1553,1528,0.0,,0.4,0,1,2026-04-05,121,True,100.7,97.9,103.5,101.0
135,Taro Daniel,168,1473,1485,1458,1439,21.0,0.778,0.5,9,-1,2026-07-10,247,True,100.5,102.1,98.7,96.0
136,Daniel Evans,144,1543,1558,1471,1520,-3.0,0.0,0.45,1,-2,2026-06-13,315,True,100.5,102.9,93.0,99.8
137,Thiago Agustin Tirante,130,1510,1499,1518,1510,9.0,0.5,0.45,2,-1,2026-05-12,29,True,100.4,99.7,102.3,101.7
138,Mattia Bellucci,71,1516,1518,1502,1506,7.0,0.6,0.45,5,1,2026-06-25,54,True,100.4,101.2,99.7,100.6
139,Luca Van Assche,172,1501,1503,1498,1495,7.0,0.6,0.55,5,2,2026-06-20,75,True,100.3,101.0,100.6,100.5
140,Nishesh Basavareddy,167,1491,1508,1487,1484,18.0,1.0,0.4,2,2,2026-04-26,31,True,100.2,102.5,100.1,100.0
141,Yannick Hanfmann,117,1551,1527,1550,1510,-10.0,0.2,0.5,5,-2,2026-07-15,187,True,100.1,98.3,101.8,97.2
142,Philip Henning,329,1527,1542,1516,1527,-5.0,0.5,0.571,4,2,2026-06-07,14,True,100.0,102.3,99.9,101.9
143,Edas Butvilas,234,1505,1505,1502,1503,7.0,0.5,0.5,2,-1,2026-05-20,12,True,100.0,100.5,100.4,100.9
144,Andrea Vavassori,336,1531,1529,1529,1525,-1.0,0.5,0.45,2,-1,2026-04-24,29,True,99.8,100.3,100.9,101.0
145,Coleman Wong,150,1527,1538,1525,1521,-5.0,0.5,0.55,4,1,2026-07-13,40,True,99.7,101.6,100.7,100.8
146,Francisco Comesana,66,1516,1496,1525,1513,7.0,0.667,0.4,3,-1,2026-07-03,62,True,99.7,98.1,101.9,100.9
147,Michael Mmoh,285,1523,1530,1500,1514,-4.0,0.4,0.55,5,-1,2026-05-31,88,True,99.5,101.0,97.8,100.1
148,David Goffin,104,1566,1557,1592,1578,-3.0,0.0,0.2,1,-7,2026-04-29,531,True,99.3,99.3,104.8,104.2
149,Cezar Cretu,315,1527,1517,1528,1527,-8.0,0.5,0.583,8,-3,2026-06-30,12,True,99.3,98.9,100.7,101.3
150,Isaac Becroft,980,1483,1483,1483,1483,21.0,1.0,0.333,1,1,2026-07-06,3,True,99.2,99.6,99.5,99.7
151,Khumoyun Sultanov,403,1512,1511,1510,1513,0.0,,0.5,0,1,2026-04-13,12,True,98.8,99.2,99.5,100.4
152,Roberto Carballes Baena,87,1518,1490,1532,1465,0.0,0.5,0.45,2,-1,2026-06-14,293,True,98.7,96.2,101.5,93.1
153,Yosuke Watanuki,147,1525,1511,1518,1527,0.0,0.5,0.4,2,1,2026-07-03,49,True,98.7,97.8,99.1,100.9
154,Mariano Navone,74,1522,1464,1569,1508,1.0,0.5,0.4,2,-1,2026-05-23,89,True,98.7,92.9,105.8,98.6
155,Calvin Hemery,171,1447,1469,1437,1447,46.0,0.6,0.4,10,-1,2026-07-04,25,True,98.5,101.0,96.7,97.8
156,Mili Poljicak,277,1506,1517,1499,1506,1.0,0.5,0.5,2,1,2026-05-19,8,True,98.4,100.2,98.4,99.7
157,Chris Rodesch,163,1528,1532,1523,1526,-13.0,0.0,0.611,1,-2,2026-05-14,18,True,98.4,99.6,99.1,100.1
158,Alec Beckley,666,1454,1461,1455,1454,42.0,0.75,0.333,4,2,2026-06-02,9,True,98.3,99.2,98.1,97.8
159,Hugo Gaston,94,1483,1451,1509,1490,14.0,0.667,0.4,6,-1,2026-07-12,134,True,98.2,95.0,101.8,99.7
160,Ivan Ivanov,935,1473,1471,1471,1479,19.0,0.667,0.375,3,-1,2026-07-15,8,True,98.2,98.3,98.0,99.2
161,Pierre-Hugues Herbert,142,1522,1525,1489,1520,-1.0,0.5,0.4,4,1,2026-06-07,226,True,98.1,99.1,95.1,99.7
162,Rinky Hijikata,115,1508,1523,1471,1499,4.0,0.5,0.4,4,-1,2026-06-19,99,True,98.1,100.3,94.2,98.1
163,Sergey Fomin,495,1449,1450,1449,1449,30.0,0.75,0.357,4,2,2026-04-25,14,True,98.1,98.3,97.6,97.4
164,Joel Schwaerzler,354,1533,1544,1522,1533,-14.0,0.0,0.571,1,-1,2026-07-07,14,True,98.1,100.1,98.1,100.3
165,Karan Singh,496,1503,1503,1503,1503,1.0,0.5,0.5,2,-1,2026-05-08,4,True,98.1,98.6,98.9,99.3
166,Aleksandar Vukic,87,1498,1493,1466,1497,5.0,0.667,0.45,3,2,2026-07-16,147,True,98.0,97.9,94.6,98.9
167,Mackenzie McDonald,110,1531,1539,1453,1522,0.0,,0.3,0,-1,2026-04-01,259,True,97.9,99.5,89.5,98.8
168,Dino Prizmic,128,1481,1476,1488,1481,11.0,0.5,0.45,4,-1,2026-07-15,30,True,97.9,97.7,99.0,98.3
169,Oleksii Krutykh,459,1477,1476,1479,1477,15.0,1.0,0.4,1,1,2026-04-27,10,True,97.9,98.1,98.3,98.2
170,Lukas Neumayer,173,1500,1509,1493,1500,0.0,0.5,0.5,6,3,2026-05-31,24,True,97.5,99.0,97.3,98.6
171,Alexander Vasilev,992,1527,1525,1528,1527,-19.0,0.0,0.667,1,-1,2026-06-10,3,True,97.5,97.9,98.9,99.4
172,Vladyslav Orlov,475,1499,1491,1500,1499,0.0,,0.5,0,-1,2026-04-07,8,True,97.4,97.0,98.2,98.5
173,Juan Pablo Ficovich,140,1504,1505,1502,1504,0.0,,0.455,0,-1,2026-03-29,11,True,97.3,97.9,97.8,98.5
174,Fajing Sun,236,1450,1454,1451,1450,25.0,1.0,0.364,2,3,2026-04-19,11,True,97.3,97.9,97.0,96.7
175,Sebastian Ofner,140,1524,1503,1526,1515,-5.0,0.0,0.4,1,-1,2026-06-20,125,True,97.2,95.6,98.7,97.9
176,Emilio Nava,88,1460,1456,1467,1461,14.0,0.6,0.5,5,-1,2026-06-11,39,True,97.2,97.0,97.9,97.1
177,Cleeve Harper,1029,1497,1497,1497,1497,0.0,,0.5,0,-1,2026-04-06,2,True,97.2,97.7,97.8,98.2
178,Jaume Munar,38,1529,1501,1518,1478,-5.0,0.25,0.35,4,-3,2026-07-13,295,True,97.1,94.6,97.0,92.1
179,Petr Nesterov,437,1504,1507,1503,1504,-3.0,0.5,0.5,4,-1,2026-06-26,8,True,97.1,98.0,97.8,98.3
180,Nerman Fatic,239,1467,1476,1465,1467,15.0,1.0,0.4,1,1,2026-05-10,10,True,96.8,98.1,96.5,96.8
181,Christopher O'Connell,103,1503,1503,1476,1493,4.0,1.0,0.35,1,1,2026-06-20,154,True,96.8,97.3,94.2,96.6
182,Daniel Altmaier,44,1497,1483,1499,1468,0.0,0.333,0.45,3,-2,2026-07-15,188,True,96.5,95.4,97.4,93.5
183,Omar Jasika,179,1496,1495,1496,1496,2.0,0.5,0.4,2,-1,2026-06-21,10,True,96.3,96.6,96.8,97.2
184,Billy Harris,128,1478,1447,1478,1502,11.0,0.667,0.35,3,-1,2026-06-18,39,True,96.2,93.0,96.4,99.8
185,Denis Yevseyev,264,1493,1491,1494,1493,0.0,0.5,0.444,2,1,2026-06-21,9,True,96.0,96.2,96.7,96.8
186,Jurij Rodionov,177,1487,1493,1478,1484,-1.0,0.5,0.5,2,-1,2026-06-20,60,True,95.9,97.0,95.2,96.1
187,Andres Andrade,344,1489,1485,1494,1489,0.0,,0.462,0,-1,2026-03-29,13,True,95.9,95.8,96.9,96.5
188,Orel Kimhi,787,1462,1462,1462,1462,21.0,1.0,0.25,1,1,2026-05-25,4,True,95.9,96.0,95.7,95.6
189,Valentin Royer,56,1524,1528,1519,1523,-10.0,0.4,0.4,5,-1,2026-07-11,33,True,95.9,97.0,96.4,97.6
190,Pavel Kotov,107,1516,1486,1531,1514,-5.0,0.0,0.35,1,-1,2026-05-28,88,True,95.7,93.0,98.6,97.0
191,Elmer Moller,113,1476,1484,1473,1476,9.0,1.0,0.368,1,1,2026-06-30,19,True,95.7,96.9,95.4,95.9
192,Otto Virtanen,141,1487,1481,1481,1494,3.0,0.5,0.4,4,-1,2026-06-20,45,True,95.6,95.3,95.2,97.2
193,Jie Cui,280,1482,1485,1482,1482,3.0,0.5,0.429,4,-1,2026-05-09,7,True,95.5,96.2,95.8,95.9
194,James Duckworth,86,1480,1481,1457,1475,-3.0,0.0,0.55,1,-1,2026-05-19,180,True,95.3,95.8,92.7,95.0
195,Iliyan Radulov,533,1522,1518,1522,1522,-23.0,0.333,0.6,3,-2,2026-07-13,5,True,95.3,95.5,96.5,97.1
196,Alexis Galarneau,193,1485,1489,1484,1484,2.0,0.5,0.4,2,-1,2026-07-11,20,True,95.1,95.9,95.3,95.5
197,Dominic Stricker,229,1512,1503,1510,1511,-6.0,0.333,0.35,3,1,2026-07-13,63,True,95.0,94.6,95.7,96.3
198,Alvaro Guillen Meza,237,1507,1502,1510,1507,-12.0,0.0,0.5,1,-1,2026-05-11,14,True,95.0,94.9,96.2,96.2
199,Nicolas Mejia,200,1442,1429,1459,1442,17.0,0.6,0.4,5,2,2026-07-12,30,True,94.8,93.4,96.3,93.9
200,Sumit Nagal,290,1435,1448,1437,1437,22.0,0.667,0.35,6,3,2026-06-27,62,True,94.7,96.2,94.2,93.9
201,Maks Kasnikowski,217,1519,1519,1517,1519,-22.0,0.4,0.583,5,-2,2026-07-04,12,True,94.7,95.4,95.6,96.4
202,Stefan Dostanic,389,1487,1491,1486,1487,-3.0,0.5,0.455,2,-1,2026-04-23,11,True,94.7,95.5,95.0,95.3
203,Maxim Mrva,881,1510,1510,1509,1510,-15.0,0.4,0.5,5,1,2026-07-14,10,True,94.4,95.0,95.2,95.8
204,Moez Echargui,140,1518,1520,1516,1516,-23.0,0.0,0.556,2,-3,2026-06-25,18,True,94.3,95.1,95.1,95.6
205,Roman Andres Burruchaga,136,1491,1498,1486,1491,-5.0,0.0,0.412,1,-2,2026-05-02,17,True,94.0,95.2,93.8,94.7
206,Jay Clarke,196,1425,1437,1428,1421,28.0,1.0,0.25,2,2,2026-06-14,20,True,93.9,95.2,93.3,91.9
207,Dusan Lajovic,129,1505,1479,1528,1456,0.0,,0.2,0,-8,2026-03-31,429,True,93.8,91.4,97.5,88.3
208,Thiago Monteiro,152,1484,1445,1509,1471,-3.0,0.0,0.4,1,-2,2026-07-12,242,True,93.6,89.6,97.1,92.4
209,Daniel Elahi Galan,131,1459,1462,1456,1483,6.0,0.6,0.4,5,-2,2026-06-13,140,True,93.5,94.0,92.9,96.5
210,Camilo Ugo Carabelli,47,1497,1490,1513,1490,-6.0,0.0,0.35,1,-2,2026-06-25,68,True,93.5,93.1,96.1,93.4
211,Alexander Blockx,116,1493,1494,1494,1492,-12.0,0.0,0.5,2,-2,2026-07-14,23,True,93.5,94.0,94.1,94.2
212,James Trotter,212,1478,1478,1478,1478,6.0,0.5,0.25,2,-1,2026-06-29,4,True,93.4,93.7,93.6,93.7
213,Filip Cristian Jianu,241,1473,1464,1475,1473,0.0,,0.4,0,-3,2026-03-23,10,True,93.3,92.6,93.6,93.5
214,Quentin Halys,85,1484,1454,1494,1488,-3.0,0.0,0.35,2,-3,2026-06-25,147,True,92.9,89.9,94.5,94.0
215,Tristan Schoolkate,97,1483,1492,1482,1483,-8.0,0.333,0.45,3,-2,2026-06-12,29,True,92.9,94.2,93.0,93.3
216,Mirza Basic,563,1475,1487,1463,1472,0.0,,0.35,0,-1,2026-03-23,70,True,92.8,94.5,91.4,92.6
217,Karim Bennani,1120,1505,1508,1504,1505,-19.0,0.333,0.5,3,-1,2026-05-18,6,True,92.8,93.7,93.5,94.0
218,Pedro Martinez,95,1483,1453,1511,1468,0.0,,0.25,0,-6,2026-03-31,206,True,92.2,89.2,96.1,90.7
219,Kasidit Samrej,423,1466,1475,1466,1466,0.0,,0.364,0,-1,2026-04-14,11,True,92.1,93.3,92.0,92.0
220,Federico Coria,126,1476,1424,1528,1468,1.0,0.5,0.25,2,-1,2026-06-12,137,True,91.8,86.3,98.5,90.9
221,Bor Artnak,491,1484,1484,1493,1484,-13.0,0.0,0.455,1,-2,2026-06-04,11,True,91.7,92.0,93.1,92.2
222,Sho Shimabukuro,273,1490,1490,1490,1490,-15.0,0.333,0.45,3,1,2026-06-03,20,True,91.7,92.1,92.1,92.4
223,Terence Atmane,64,1467,1466,1470,1468,-2.0,0.0,0.35,1,-8,2026-06-17,35,True,91.4,91.6,91.8,91.5
224,Olaf Pieczkowski,484,1489,1489,1489,1489,-15.0,0.0,0.429,1,-2,2026-06-03,7,True,91.3,91.6,91.7,91.9
225,Dalibor Svrcina,91,1495,1498,1491,1495,-18.0,0.333,0.45,6,-2,2026-06-19,21,True,91.3,92.1,91.4,92.2
226,Arda Azkara,551,1497,1497,1497,1497,-24.0,0.0,0.5,1,-1,2026-07-12,2,True,91.3,91.7,91.9,92.2
227,Gilles Arnaud Bailly,247,1463,1462,1463,1463,2.0,0.5,0.286,2,-1,2026-07-08,7,True,91.2,91.3,91.1,91.0
228,Diego Dedura-Palomero,372,1478,1475,1484,1478,-11.0,0.4,0.429,5,-1,2026-07-01,14,True,91.2,91.2,92.2,91.5
229,Chun-Hsin Tseng,120,1406,1417,1424,1410,22.0,0.75,0.3,4,2,2026-05-28,57,True,91.0,92.0,91.9,89.5
230,Zachary Svajda,145,1450,1447,1451,1454,2.0,0.5,0.35,2,1,2026-06-20,32,True,90.8,90.5,90.5,90.7
231,Harold Mayot,160,1454,1462,1458,1458,3.0,0.5,0.3,2,-1,2026-06-06,27,True,90.8,91.8,90.9,90.8
232,Yi Zhou,305,1470,1473,1470,1470,-11.0,0.333,0.45,3,-2,2026-07-16,22,True,90.7,91.3,90.7,90.7
233,Damir Dzumhur,66,1487,1465,1516,1492,-8.0,0.0,0.25,3,-3,2026-07-08,308,True,90.5,88.4,94.5,91.8
234,Cesar Cruz,1400,1423,1431,1426,1423,17.0,1.0,0.222,1,1,2026-06-11,9,True,90.3,91.1,89.6,88.8
235,Vilius Gaubas,161,1468,1457,1478,1468,-9.0,0.0,0.389,1,-1,2026-07-13,18,True,90.2,89.2,91.4,90.1
236,Ilya Snitari,587,1483,1489,1481,1483,-17.0,0.0,0.4,1,-1,2026-06-10,5,True,89.7,90.7,89.7,90.2
237,Tung-Lin Wu,291,1445,1445,1445,1445,2.0,0.5,0.3,2,-1,2026-07-13,26,True,89.6,89.6,89.0,88.8
238,Vit Kopriva,92,1477,1471,1498,1474,-15.0,0.0,0.4,2,-2,2026-07-13,43,True,89.6,89.2,92.4,89.5
239,Ethan Quinn,78,1477,1462,1485,1481,-13.0,0.0,0.35,3,-4,2026-06-27,46,True,89.4,88.1,90.6,90.3
240,Elias Ymer,243,1440,1461,1421,1441,-2.0,0.0,0.4,1,-3,2026-06-08,121,True,89.3,91.7,86.3,88.5
241,Aleksandar Kovacevic,54,1461,1473,1441,1461,-5.0,0.25,0.3,4,-2,2026-06-14,95,True,89.3,90.8,86.6,89.0
242,Federico Cina,226,1486,1487,1486,1486,-27.0,0.0,0.417,2,-2,2026-06-29,12,True,89.0,89.4,89.3,89.5
243,Murphy Cassone,185,1488,1491,1488,1487,-37.0,0.0,0.4,2,-2,2026-07-08,5,True,88.9,89.7,89.3,89.4
244,Luca Nardi,83,1456,1477,1435,1458,-10.0,0.25,0.4,4,-2,2026-06-04,65,True,88.8,91.3,85.8,88.7
245,Alan Magadan,921,1446,1447,1446,1446,4.0,0.5,0.2,2,1,2026-06-03,5,True,88.8,89.0,88.3,88.0
246,Alex Bolt,179,1452,1454,1455,1433,-4.0,0.333,0.3,3,-2,2026-06-14,55,True,88.6,89.0,88.6,85.5
247,Dhakshineswar Suresh,626,1484,1484,1484,1484,-19.0,0.0,0.333,1,-1,2026-07-15,3,True,88.3,88.6,88.6,88.8
248,Mikhail Kukushkin,112,1458,1467,1429,1464,-3.0,0.0,0.2,1,-7,2026-06-13,254,True,88.1,89.3,84.2,88.6
249,James McCabe,164,1426,1432,1426,1428,6.0,0.5,0.25,2,1,2026-06-07,12,True,88.0,88.6,87.0,86.8
250,Alibek Kachmazov,183,1435,1431,1435,1435,0.0,,0.286,0,-6,2026-04-15,14,True,87.8,87.3,87.0,86.6
251,Hugo Grenier,202,1443,1447,1444,1448,-6.0,0.333,0.35,3,1,2026-06-30,31,True,87.8,88.3,87.4,87.7
252,Beibit Zhukayev,237,1460,1461,1460,1461,-11.0,0.0,0.312,1,-6,2026-04-26,16,True,87.7,88.0,87.5,87.5
253,Marco Trungelliti,147,1453,1454,1474,1454,-11.0,0.0,0.35,2,-3,2026-06-21,45,True,87.5,87.7,89.8,87.1
254,Kyrian Jacquet,156,1478,1480,1480,1478,-23.0,0.25,0.364,4,-3,2026-07-02,11,True,87.4,87.9,87.8,87.7
255,Marko Topo,277,1406,1415,1406,1406,18.0,1.0,0.111,1,1,2026-06-01,9,True,87.3,88.0,85.8,85.2
256,Marc-Andrea Huesler,222,1452,1480,1443,1448,-9.0,0.0,0.3,2,-2,2026-06-20,90,True,87.2,90.5,85.7,86.1
257,Timofey Skatov,236,1463,1443,1492,1463,-17.0,0.333,0.35,6,-3,2026-07-07,27,True,86.9,84.9,90.4,86.7
258,Justin Engel,187,1462,1460,1465,1470,-18.0,0.0,0.368,2,-2,2026-05-13,19,True,86.8,86.7,87.0,87.6
259,Sanhui Shin,665,1476,1476,1476,1476,-23.0,0.0,0.333,1,-1,2026-04-17,3,True,86.7,87.0,86.9,87.0
260,Arthur Fery,221,1460,1464,1461,1460,-13.0,0.0,0.25,1,-3,2026-04-23,8,True,86.3,86.9,86.2,86.0
261,Felipe Meligeni Alves,193,1424,1431,1433,1427,0.0,,0.25,0,-8,2026-04-02,20,True,86.1,86.8,86.2,85.0
262,Duje Ajdukovic,158,1457,1458,1468,1457,-28.0,0.0,0.4,3,-4,2026-07-05,26,True,85.7,86.0,86.8,85.3
263,George Loffhagen,293,1450,1459,1450,1446,-12.0,0.0,0.25,1,-2,2026-04-27,8,True,85.5,86.6,85.1,84.3
264,Martin Landaluce,134,1401,1421,1403,1405,8.0,0.333,0.2,3,-2,2026-06-11,25,True,85.2,87.2,83.9,83.5
265,Nicolas Arseneault,638,1468,1468,1468,1468,-36.0,0.0,0.25,2,-3,2026-07-16,4,True,84.7,85.0,84.7,84.7
266,Branko Djuric,461,1439,1439,1439,1439,0.0,,0.0,0,-3,2026-03-20,3,True,84.1,84.2,83.5,83.2
267,Federico Zeballos,1573,1423,1424,1430,1423,-9.0,0.0,0.286,1,-2,2026-07-06,14,True,84.0,84.0,83.9,82.5
268,Daniel Masur,265,1434,1442,1439,1436,-13.0,0.0,0.273,1,-1,2026-06-29,11,True,83.9,84.8,83.7,83.0
269,Viktor Durasovic,246,1433,1427,1440,1433,-13.0,0.0,0.25,2,-3,2026-04-28,35,True,83.5,82.8,83.5,82.3
270,Jack Pinnington Jones,281,1455,1458,1456,1456,-28.0,0.0,0.222,3,-5,2026-06-24,9,True,83.0,83.5,82.8,82.7
271,Norbert Gombos,325,1425,1414,1460,1424,-15.0,0.167,0.25,6,-5,2026-06-30,89,True,82.1,80.8,85.5,80.5
272,Rei Sakamoto,200,1414,1419,1417,1417,-8.0,0.0,0.182,1,-4,2026-06-14,11,True,81.9,82.3,81.0,80.5
273,Daniil Glinka,313,1428,1428,1428,1428,-12.0,0.0,0.143,1,-6,2026-04-17,7,True,81.7,81.6,80.8,80.4
274,Dmitry Popko,220,1435,1429,1448,1435,-21.0,0.0,0.25,2,-10,2026-06-19,16,True,81.5,80.8,82.3,80.3
275,Tomasz Berkieta,545,1467,1466,1467,1467,-20.0,0.0,0.0,1,-2,2026-06-16,2,True,81.5,81.7,81.5,81.5
276,Abdullah Shelbayh,267,1381,1392,1395,1389,4.0,0.333,0.15,3,-2,2026-06-24,22,True,81.3,82.1,81.1,79.5
277,Connor Doig,1509,1460,1460,1460,1460,-19.0,0.0,0.0,1,-2,2026-05-27,2,True,81.1,81.3,80.9,80.8
278,Clement Chidekh,189,1434,1436,1434,1436,-28.0,0.0,0.167,2,-3,2026-07-12,6,True,80.0,80.2,79.2,79.2
279,William Rejchtman Vinciguerra,1476,1456,1457,1457,1456,-22.0,0.0,0.0,1,-2,2026-05-31,2,True,80.0,80.2,79.8,79.5
280,Matej Dodig,242,1425,1430,1432,1427,-26.0,0.0,0.222,2,-6,2026-07-12,9,True,79.9,80.3,79.8,78.7
281,Patrick Zahraj,283,1442,1443,1443,1442,-17.0,0.0,0.0,1,-3,2026-05-25,3,True,79.8,79.9,79.3,78.9
282,Younes Lalami Laaroussi,1193,1433,1435,1434,1433,-14.0,0.0,0.0,1,-4,2026-05-07,4,True,79.7,79.9,79.0,78.5
283,Tsung-Hao Huang,680,1428,1428,1428,1428,-15.0,0.0,0.0,1,-4,2026-06-21,4,True,78.9,78.8,77.9,77.5
284,Shintaro Mochizuki,99,1376,1373,1381,1392,-6.0,0.0,0.2,2,-6,2026-07-05,37,True,78.8,78.0,77.3,77.9
285,Mitchell Krueger,159,1396,1396,1409,1408,-17.0,0.0,0.25,3,-9,2026-07-16,41,True,78.5,78.2,78.5,77.7
286,Ajeet Rai,485,1401,1402,1401,1401,-12.0,0.0,0.111,1,-8,2026-07-12,9,True,78.5,78.3,76.9,76.2
287,Maximus Jones,714,1408,1411,1412,1408,-12.0,0.0,0.0,1,-5,2026-05-07,5,True,77.6,77.7,76.7,75.6
288,Courtney John Lock,2068,1411,1411,1411,1411,-14.0,0.0,0.0,1,-5,2026-06-20,5,True,77.4,77.2,76.1,75.5
289,Federico Agustin Gomez,203,1403,1406,1414,1403,-35.0,0.0,0.188,4,-8,2026-07-16,16,True,77.1,77.2,77.0,74.9
290,Li Tu,177,1376,1377,1376,1391,-17.0,0.0,0.158,2,-4,2026-05-25,19,True,75.1,74.8,73.0,74.1
,Torres J.,,1601,1601,1601,1601,35.0,1.0,1.0,3,7,2026-05-10,7,False,123.0,124.2,125.9,127.4
,Zamora N.,,1601,1601,1601,1601,79.0,1.0,1.0,5,6,2026-05-16,6,False,123.0,124.2,125.9,127.4
,Alves M.,,1575,1575,1575,1575,53.0,1.0,1.0,3,4,2026-06-02,4,False,120.3,121.3,122.6,123.8
,Chazal M.,,1574,1574,1574,1574,52.0,1.0,1.0,3,4,2026-05-28,4,False,120.2,121.2,122.5,123.7
,Marti Pujolras A.,,1574,1574,1574,1574,33.0,1.0,1.0,2,4,2026-06-01,4,False,120.2,121.2,122.5,123.7
,Petkovic M.,,1572,1572,1572,1572,31.0,1.0,1.0,2,4,2026-07-07,4,False,120.0,121.0,122.2,123.4
,Tabacco F.,,1561,1561,1561,1561,39.0,1.0,1.0,2,3,2026-05-03,3,False,118.8,119.7,120.8,121.9
,Yashpaul N.,,1558,1558,1558,1558,36.0,1.0,1.0,2,3,2026-05-10,3,False,118.5,119.4,120.5,121.5
,Bushuev P.,,1555,1555,1555,1555,32.0,1.0,1.0,2,3,2026-07-04,3,False,118.2,119.1,120.1,121.1
,Hussey G.,,1574,1572,1574,1572,74.0,1.0,0.857,5,5,2026-06-21,7,False,118.1,119.0,120.5,121.4
,Broska F.,,1573,1573,1573,1573,94.0,1.0,0.833,5,5,2026-07-14,6,False,117.7,118.7,120.0,121.2
,Milavsky D.,,1571,1568,1571,1569,37.0,0.8,0.778,5,3,2026-07-16,9,False,116.7,117.4,119.0,119.9
,Mridha J.,,1573,1573,1573,1573,15.0,1.0,1.0,1,4,2026-06-10,4,False,116.3,117.3,118.6,119.8
,Vasiliadis E.,,1572,1572,1572,1572,15.0,1.0,1.0,1,4,2026-04-17,4,False,116.2,117.2,118.5,119.7
,Yunchaokete B.,,1581,1582,1581,1581,23.0,0.667,0.75,9,5,2026-07-14,12,False,115.8,117.0,118.3,119.6
,Alcala Gurri M.,,1559,1559,1559,1559,80.0,1.0,0.8,4,4,2026-06-20,5,False,115.8,116.7,117.8,118.8
,Erhard M.,,1562,1562,1562,1562,25.0,0.75,0.833,4,2,2026-06-23,6,False,115.6,116.5,117.6,118.7
,Mazza M.,,1558,1558,1558,1558,18.0,1.0,1.0,1,3,2026-05-11,3,False,115.6,116.5,117.6,118.6
,Martineau M.,,1556,1552,1555,1556,54.0,1.0,0.8,3,3,2026-06-22,5,False,115.5,115.9,117.3,118.4
,Pankin S.,,1559,1559,1559,1559,17.0,1.0,1.0,1,3,2026-06-01,3,False,115.4,116.3,117.4,118.4
,Zmak D.,,1558,1558,1558,1558,17.0,1.0,1.0,1,3,2026-05-23,3,False,115.3,116.2,117.3,118.3
,Sinclair C.,,1544,1544,1544,1544,22.0,1.0,1.0,1,2,2026-07-16,2,False,115.2,116.0,116.9,117.8
,Krumich M.,,1558,1558,1558,1558,81.0,0.857,0.75,7,-1,2026-05-31,8,False,115.0,115.9,116.9,118.0
,Vesely J.,,1549,1549,1549,1549,31.0,1.0,0.8,2,4,2026-05-22,5,False,114.7,115.6,116.5,117.4
,Miguel L.,,1543,1543,1543,1543,20.0,1.0,1.0,1,2,2026-05-05,2,False,114.6,115.4,116.2,117.1
,Lee K.,,1543,1543,1543,1543,20.0,1.0,1.0,1,2,2026-05-26,2,False,114.6,115.4,116.2,117.1
,Craig C.,,1542,1542,1542,1542,20.0,1.0,1.0,1,2,2026-07-05,2,False,114.5,115.3,116.1,116.9
,Samuel T.,,1579,1579,1579,1579,13.0,1.0,0.857,1,6,2026-06-08,7,False,114.4,115.4,116.8,118.1
,Fishback D.,,1541,1541,1541,1541,19.0,1.0,1.0,1,2,2026-06-25,2,False,114.1,114.9,115.7,116.5
,Koizumi N.,,1541,1541,1541,1541,19.0,1.0,1.0,1,2,2026-05-17,2,False,114.1,114.9,115.7,116.5
,Merida Aguilar D.,,1568,1564,1562,1568,24.0,0.75,0.7,4,-1,2026-06-07,10,False,114.1,114.6,115.5,117.4
,Delicata L.,,1541,1541,1541,1541,19.0,1.0,1.0,1,2,2026-05-04,2,False,114.1,114.9,115.7,116.5
,Catry R.,,1541,1541,1541,1541,19.0,1.0,1.0,1,2,2026-05-18,2,False,114.1,114.9,115.7,116.5
,Baez A.,,1541,1541,1541,1541,19.0,1.0,1.0,1,2,2026-05-07,2,False,114.1,114.9,115.7,116.5
,Kawachi K.,,1541,1541,1541,1541,19.0,1.0,1.0,1,2,2026-06-24,2,False,114.1,114.9,115.7,116.5
,Eldin R.,,1541,1541,1541,1541,19.0,1.0,1.0,1,2,2026-04-18,2,False,114.1,114.9,115.7,116.5
,Jurajda A.,,1540,1540,1540,1540,19.0,1.0,1.0,1,2,2026-07-02,2,False,114.0,114.8,115.6,116.4
,Aney A.,,1540,1540,1540,1540,19.0,1.0,1.0,1,2,2026-06-10,2,False,114.0,114.8,115.6,116.4
,Mckennon M.,,1540,1540,1540,1540,19.0,1.0,1.0,1,2,2026-04-21,2,False,114.0,114.8,115.6,116.4
,Dalla Valle E.,,1550,1546,1548,1550,70.0,1.0,0.7,5,5,2026-06-28,10,False,113.4,113.8,115.0,116.2
,Sharipov M.,,1541,1541,1541,1541,35.0,1.0,0.75,2,2,2026-07-01,4,False,113.2,114.0,114.8,115.6
,Gadamauri B.,,1551,1552,1551,1551,32.0,0.714,0.667,7,-1,2026-06-18,12,False,113.1,114.0,114.9,115.8
,Moeller M.,,1549,1550,1549,1549,35.0,0.714,0.667,7,-1,2026-07-10,12,False,112.9,113.8,114.6,115.6
,Zarate C.,,1561,1561,1561,1561,20.0,0.667,0.75,6,-2,2026-06-15,8,False,112.9,113.9,115.0,116.0
,Popovic S.,,1538,1538,1538,1538,37.0,1.0,0.75,2,2,2026-04-19,4,False,112.9,113.7,114.4,115.2
,Molleker R.,,1537,1537,1537,1537,38.0,1.0,0.75,2,2,2026-04-29,4,False,112.8,113.5,114.3,115.1
,Visker N.,,1569,1569,1569,1569,10.0,0.667,0.833,3,-1,2026-05-02,6,False,112.2,113.2,114.4,115.5
,Martin Tiffon P.,,1537,1537,1534,1537,35.0,0.75,0.667,4,2,2026-05-12,6,False,111.6,112.4,112.7,113.9
,Jubb P.,,1555,1555,1555,1555,15.0,1.0,0.8,1,1,2026-04-27,5,False,111.6,112.5,113.5,114.5
,Forti F.,,1533,1532,1533,1533,32.0,0.75,0.667,4,-1,2026-06-13,6,False,111.2,111.8,112.6,113.4
,Vasami J.,,1533,1534,1533,1533,58.0,0.8,0.667,5,1,2026-06-16,6,False,111.2,112.0,112.6,113.4
,Staley J.,,1530,1530,1530,1530,52.0,1.0,0.667,3,4,2026-06-20,6,False,110.9,111.6,112.2,112.9
,Sallay P.,,1542,1542,1542,1542,19.0,1.0,0.75,1,1,2026-06-28,4,False,110.7,111.5,112.3,113.1
,Jorda Sanchis D.,,1533,1533,1530,1533,32.0,0.667,0.625,6,-1,2026-07-13,8,False,110.6,111.3,111.6,112.8
,Tutu M.,,1557,1557,1557,1557,0.0,,1.0,0,3,2026-04-01,3,False,110.5,111.4,112.5,113.5
,Krishnakumar Y.,,1553,1553,1553,1553,11.0,0.667,0.8,3,2,2026-05-17,5,False,110.3,111.2,112.2,113.1
,Knesl D.,,1521,1521,1521,1521,42.0,1.0,0.667,2,2,2026-07-03,3,False,110.0,110.6,111.1,111.7
,Giunta M.,,1521,1521,1521,1521,43.0,1.0,0.667,2,2,2026-06-07,3,False,110.0,110.6,111.1,111.7
,Napolitano S.,,1528,1524,1527,1528,42.0,0.714,0.583,7,2,2026-07-13,12,False,109.5,109.7,110.7,111.5
,Pereira T.,,1516,1516,1516,1516,40.0,1.0,0.667,2,2,2026-07-16,3,False,109.4,110.0,110.5,111.0
,Ujvary M.,,1544,1544,1544,1544,0.0,,1.0,0,2,2026-04-12,2,False,109.2,110.0,110.8,111.7
,Houkes M.,,1522,1522,1522,1522,43.0,0.75,0.6,4,2,2026-07-15,5,False,109.1,109.8,110.3,110.9
,Jones S.,,1537,1537,1537,1537,15.0,0.667,0.75,3,2,2026-06-21,4,False,109.1,109.8,110.5,111.3
,Conner Huertas del Pino,,1565,1560,1563,1565,0.0,,0.833,0,3,2026-04-05,6,False,109.0,109.4,110.9,112.2
,Maia H.,,1541,1541,1541,1541,0.0,,1.0,0,2,2026-04-03,2,False,108.9,109.6,110.4,111.3
,Goncalves Ceolin J.,,1541,1541,1541,1541,0.0,,1.0,0,2,2026-03-23,2,False,108.9,109.6,110.4,111.3
,Sarksian D.,,1541,1541,1541,1541,0.0,,1.0,0,2,2026-03-21,2,False,108.9,109.6,110.4,111.3
,Overbeck C.,,1541,1541,1541,1541,0.0,,1.0,0,2,2026-03-29,2,False,108.9,109.6,110.4,111.3
,Quattro J.,,1541,1541,1541,1541,0.0,,1.0,0,2,2026-03-28,2,False,108.9,109.6,110.4,111.3
,Abarca A.,,1541,1541,1541,1541,0.0,,1.0,0,2,2026-04-03,2,False,108.9,109.6,110.4,111.3
,Semedo M.,,1541,1541,1541,1541,0.0,,1.0,0,2,2026-04-04,2,False,108.9,109.6,110.4,111.3
,Ianin N.,,1541,1541,1541,1541,0.0,,1.0,0,2,2026-04-12,2,False,108.9,109.6,110.4,111.3
,Estevez J.,,1519,1519,1519,1519,40.0,0.75,0.6,4,-1,2026-06-20,5,False,108.8,109.4,109.9,110.5
,Loureiro J.,,1537,1537,1537,1537,14.0,0.667,0.75,3,1,2026-06-21,4,False,108.8,109.5,110.3,111.1
,Winegar T.,,1540,1540,1540,1540,0.0,,1.0,0,2,2026-03-30,2,False,108.7,109.5,110.3,111.1
,Pade M.,,1540,1540,1540,1540,0.0,,1.0,0,2,2026-03-31,2,False,108.7,109.5,110.3,111.1
,Sanchez Quilez A.,,1521,1518,1521,1521,32.0,1.0,0.571,2,2,2026-06-08,7,False,108.6,108.9,109.7,110.4
,Dossani M.,,1539,1539,1539,1539,0.0,,1.0,0,2,2026-04-12,2,False,108.6,109.4,110.2,111.0
,McDonnell C.,,1516,1516,1516,1516,38.0,1.0,0.6,2,3,2026-04-26,5,False,108.5,109.1,109.5,110.1
,McGloughlin J.,,1514,1514,1514,1514,32.0,1.0,0.6,2,2,2026-07-04,5,False,108.3,108.9,109.3,109.8
,Marrero Curbelo I.,,1535,1536,1535,1535,13.0,0.667,0.75,3,-1,2026-05-09,4,False,108.3,109.1,109.7,110.5
,Martikainen O.,,1535,1535,1535,1535,17.0,0.667,0.667,3,-1,2026-05-01,6,False,108.2,109.0,109.7,110.4
,Horwood J.,,1535,1535,1535,1535,12.0,0.667,0.75,3,1,2026-07-05,4,False,108.0,108.8,109.5,110.2
,Gulin S.,,1522,1522,1522,1522,20.0,1.0,0.667,1,1,2026-04-20,3,False,107.7,108.3,108.9,109.5
,Shick B.,,1521,1521,1521,1521,20.0,1.0,0.667,1,1,2026-07-06,3,False,107.6,108.2,108.7,109.3
,Kozlov S.,,1532,1529,1532,1531,15.0,1.0,0.667,1,2,2026-07-07,6,False,107.4,107.7,108.7,109.3
,Rincon D.,,1541,1541,1541,1541,14.0,0.6,0.625,5,-1,2026-07-04,8,False,107.4,108.2,109.0,109.8
,Baker B.,,1521,1521,1521,1521,19.0,1.0,0.667,1,1,2026-05-18,3,False,107.3,108.0,108.5,109.1
,Oki Y.,,1525,1525,1525,1525,0.0,,1.0,0,1,2026-03-30,1,False,107.2,107.9,108.4,109.1
,Sanchez Izquierdo N.,,1536,1533,1534,1536,15.0,0.571,0.625,7,-1,2026-07-12,8,False,107.2,107.6,108.4,109.4
,Hernandez Serrano J.,,1519,1520,1519,1519,19.0,1.0,0.667,1,1,2026-04-22,3,False,107.1,107.8,108.2,108.8
,Antonius M.,,1524,1524,1524,1524,0.0,,1.0,0,1,2026-03-22,1,False,107.1,107.7,108.3,108.9
,Dugardin R.,,1524,1524,1524,1524,0.0,,1.0,0,1,2026-03-23,1,False,107.1,107.7,108.3,108.9
,Saraiva Dos Santos P.,,1524,1524,1524,1524,0.0,,1.0,0,1,2026-03-30,1,False,107.1,107.7,108.3,108.9
,Kelm Y.,,1524,1524,1524,1524,0.0,,1.0,0,1,2026-03-31,1,False,107.1,107.7,108.3,108.9
,Lomakin G.,,1517,1517,1517,1517,19.0,1.0,0.667,1,2,2026-06-14,3,False,106.9,107.5,108.0,108.5
,Almazan Valiente I.,,1517,1517,1517,1517,19.0,1.0,0.667,1,1,2026-06-29,3,False,106.9,107.5,108.0,108.5
,Bathrinath L.,,1520,1520,1520,1520,18.0,1.0,0.667,1,1,2026-05-04,3,False,106.9,107.6,108.1,108.7
,Rolland D.,,1522,1522,1522,1522,0.0,,1.0,0,1,2026-03-19,1,False,106.9,107.5,108.0,108.7
,Falck R.,,1522,1522,1522,1522,0.0,,1.0,0,1,2026-03-19,1,False,106.9,107.5,108.0,108.7
,Seifert S.,,1522,1522,1522,1522,0.0,,1.0,0,1,2026-03-19,1,False,106.9,107.5,108.0,108.7
,Dyer F.,,1522,1522,1522,1522,0.0,,1.0,0,1,2026-03-20,1,False,106.9,107.5,108.0,108.7
,Chapuis A.,,1522,1522,1522,1522,0.0,,1.0,0,1,2026-03-24,1,False,106.9,107.5,108.0,108.7
,Huang H.,,1522,1522,1522,1522,0.0,,1.0,0,1,2026-03-29,1,False,106.9,107.5,108.0,108.7
,Dziopak J.,,1522,1522,1522,1522,0.0,,1.0,0,1,2026-03-31,1,False,106.9,107.5,108.0,108.7
,Parisca I.,,1522,1522,1522,1522,0.0,,1.0,0,1,2026-04-03,1,False,106.9,107.5,108.0,108.7
,Burtsev D.,,1522,1522,1522,1522,0.0,,1.0,0,1,2026-04-05,1,False,106.9,107.5,108.0,108.7
,Carraro L.,,1522,1522,1522,1522,0.0,,1.0,0,1,2026-04-07,1,False,106.9,107.5,108.0,108.7
,Falabella L.,,1522,1522,1522,1522,0.0,,1.0,0,1,2026-04-09,1,False,106.9,107.5,108.0,108.7
,Lehmann N.,,1522,1522,1522,1522,0.0,,1.0,0,1,2026-04-10,1,False,106.9,107.5,108.0,108.7
,Hashem A.,,1522,1522,1522,1522,0.0,,1.0,0,1,2026-04-13,1,False,106.9,107.5,108.0,108.7
,Robert N.,,1522,1522,1522,1522,0.0,,1.0,0,1,2026-04-14,1,False,106.9,107.5,108.0,108.7
,Jamji A.,,1521,1521,1521,1521,0.0,,1.0,0,1,2026-03-18,1,False,106.8,107.4,107.9,108.5
,Rohseano L.,,1521,1521,1521,1521,0.0,,1.0,0,1,2026-03-29,1,False,106.8,107.4,107.9,108.5
,Kaplan M.,,1521,1521,1521,1521,0.0,,1.0,0,1,2026-04-02,1,False,106.8,107.4,107.9,108.5
,Hayen A.,,1521,1521,1521,1521,0.0,,1.0,0,1,2026-04-05,1,False,106.8,107.4,107.9,108.5
,Patton T.,,1521,1521,1521,1521,0.0,,1.0,0,1,2026-04-09,1,False,106.8,107.4,107.9,108.5
,Van Tilburg R.,,1521,1521,1521,1521,0.0,,1.0,0,1,2026-04-13,1,False,106.8,107.4,107.9,108.5
,Petrovic A.,,1517,1517,1517,1517,18.0,1.0,0.667,1,2,2026-05-02,3,False,106.6,107.2,107.7,108.2
,Rodriguez Taverna S.,,1514,1514,1514,1514,19.0,1.0,0.667,1,1,2026-05-24,3,False,106.6,107.2,107.6,108.1
,Palavestra I.,,1515,1515,1515,1515,0.0,,1.0,0,1,2026-04-08,1,False,106.2,106.7,107.2,107.7
,Mehrotra A.,,1530,1530,1530,1530,11.0,0.667,0.667,3,2,2026-06-19,6,False,106.0,106.8,107.4,108.1
,Heredia S.,,1502,1501,1502,1502,45.0,0.75,0.5,4,-1,2026-07-04,6,False,105.6,106.0,106.3,106.7
,Michalski D.,,1552,1552,1552,1552,-6.0,0.5,0.8,2,1,2026-06-24,5,False,105.5,106.4,107.3,108.3
,Barrios Vera M.,,1553,1553,1549,1553,-2.0,0.5,0.714,2,1,2026-05-11,7,False,105.5,106.4,106.9,108.3
,Lokoli L.,,1498,1498,1498,1498,31.0,0.75,0.5,4,2,2026-07-05,8,False,105.2,105.7,105.8,106.2
,Gentzsch T.,,1536,1533,1536,1535,8.0,0.667,0.615,3,1,2026-06-22,13,False,105.1,105.5,106.6,107.2
,Montes-De La Torre I.,,1497,1498,1497,1497,39.0,0.75,0.5,4,1,2026-06-27,6,False,105.1,105.7,105.7,106.1
,Kicker N.,,1516,1514,1515,1516,17.0,0.6,0.571,5,-1,2026-06-26,7,False,104.9,105.3,105.8,106.5
,Fellin P.,,1537,1538,1537,1537,0.0,,0.75,0,-1,2026-03-30,4,False,104.9,105.8,106.4,107.2
,Prado Angelo J.,,1513,1508,1516,1513,16.0,0.667,0.6,3,2,2026-07-12,5,False,104.7,104.7,106.1,106.2
,Nejedly B.,,1503,1502,1503,1503,24.0,1.0,0.5,1,1,2026-04-23,2,False,104.5,104.9,105.2,105.6
,Fenty A.,,1505,1505,1505,1505,22.0,0.6,0.5,5,-1,2026-06-20,8,False,104.1,104.6,104.9,105.3
,Jara-Lozano N.,,1502,1502,1502,1502,23.0,1.0,0.5,1,1,2026-04-19,2,False,104.1,104.6,104.8,105.2
,Smith K.,,1501,1501,1501,1501,23.0,0.6,0.5,5,-1,2026-07-05,6,False,104.0,104.5,104.7,105.1
,Ilagan A.,,1492,1492,1492,1492,39.0,0.75,0.444,4,-1,2026-06-07,9,False,103.8,104.2,104.3,104.6
,Cigarran T.,,1499,1499,1499,1499,23.0,1.0,0.5,1,1,2026-06-08,2,False,103.8,104.3,104.4,104.8
,Galus P.,,1502,1502,1502,1502,22.0,1.0,0.5,1,1,2026-06-15,2,False,103.8,104.3,104.5,104.9
,Forejtek J.,,1502,1502,1502,1502,22.0,0.667,0.5,3,-1,2026-05-18,4,False,103.8,104.3,104.5,104.9
,Matsuoka H.,,1502,1502,1502,1502,22.0,1.0,0.5,1,1,2026-05-03,2,False,103.8,104.3,104.5,104.9
,David Ekpenyong,,1499,1499,1499,1499,22.0,1.0,0.5,1,1,2026-06-30,2,False,103.5,104.0,104.2,104.5
,Vu H.,,1499,1499,1499,1499,22.0,1.0,0.5,1,1,2026-07-05,2,False,103.5,104.0,104.2,104.5
,McGary J.,,1499,1499,1499,1499,22.0,1.0,0.5,1,1,2026-04-20,2,False,103.5,104.0,104.2,104.5
,Lee T.,,1499,1499,1499,1499,22.0,1.0,0.5,1,1,2026-05-24,2,False,103.5,104.0,104.2,104.5
,Tailleu P.,,1499,1499,1499,1499,22.0,1.0,0.5,1,1,2026-07-01,2,False,103.5,104.0,104.2,104.5
,Nagy B.,,1534,1534,1534,1534,-4.0,0.5,0.75,2,-1,2026-06-28,4,False,103.5,104.2,104.9,105.7
,Edwards T.,,1499,1499,1499,1499,22.0,1.0,0.5,1,1,2026-05-02,2,False,103.5,104.0,104.2,104.5
,Johnson A.,,1499,1499,1499,1499,22.0,1.0,0.5,1,1,2026-06-13,2,False,103.5,104.0,104.2,104.5
,Connel J.,,1499,1499,1499,1499,22.0,1.0,0.5,1,1,2026-04-28,2,False,103.5,104.0,104.2,104.5
,Bittoun Kouzmine C.,,1498,1498,1498,1498,22.0,1.0,0.5,1,1,2026-04-21,2,False,103.4,103.9,104.0,104.4
,Howard D.,,1500,1500,1500,1500,21.0,1.0,0.5,1,1,2026-05-04,2,False,103.3,103.8,104.0,104.4
,Dhamne M.,,1522,1527,1520,1522,6.0,0.6,0.625,5,-1,2026-07-11,8,False,103.2,104.4,104.2,105.0
,Balshaw F.,,1527,1528,1522,1527,6.0,0.556,0.583,9,-3,2026-07-13,12,False,103.2,104.0,103.8,105.1
,Bar Biryukov P.,,1511,1515,1511,1510,13.0,0.571,0.556,7,-2,2026-07-14,9,False,103.1,104.1,104.0,104.3
,Guerrieri A.,,1522,1515,1524,1522,7.0,0.571,0.579,14,-3,2026-07-09,19,False,102.9,102.7,104.3,104.7
,Paardekooper S.,,1500,1500,1500,1500,19.0,0.667,0.5,3,-1,2026-07-12,6,False,102.8,103.3,103.5,103.8
,Reis Da Silva J.,,1533,1531,1532,1533,-6.0,0.5,0.75,2,1,2026-05-18,4,False,102.8,103.3,104.1,105.0
,Saud Alhogbani,,1497,1497,1497,1497,20.0,1.0,0.5,1,1,2026-07-16,2,False,102.7,103.2,103.4,103.7
,Shimizu Y.,,1534,1534,1534,1534,-3.0,0.5,0.667,2,-1,2026-07-07,6,False,102.6,103.3,104.0,104.8
,Queiroz Miguel L.,,1486,1485,1486,1486,41.0,1.0,0.4,2,2,2026-05-07,5,False,102.6,102.8,102.9,103.1
,Brancaccio R.,,1543,1535,1543,1543,-5.0,0.5,0.636,4,2,2026-07-08,11,False,102.5,102.5,104.2,105.0
,Coppejans K.,,1532,1532,1532,1532,-1.0,0.5,0.625,2,1,2026-07-16,8,False,102.4,103.1,103.7,104.5
,Compagnucci T.,,1523,1523,1523,1523,0.0,0.5,0.667,2,-1,2026-06-25,3,False,102.3,102.9,103.5,104.1
,Tobon M.,,1523,1523,1523,1523,0.0,0.5,0.667,2,1,2026-06-07,3,False,102.3,102.9,103.5,104.1
,Ribecai M.,,1521,1522,1521,1521,0.0,,0.667,0,-1,2026-04-05,3,False,102.1,102.8,103.2,103.8
,Curras Abasolo T.,,1521,1521,1521,1521,0.0,,0.667,0,-1,2026-04-12,3,False,102.1,102.7,103.2,103.8
,Simakin I.,,1534,1533,1534,1534,-3.0,0.5,0.625,2,1,2026-06-29,8,False,102.0,102.6,103.4,104.2
,Anson J.,,1520,1520,1520,1520,0.0,0.5,0.667,2,1,2026-07-16,3,False,102.0,102.6,103.1,103.7
,Imamura M.,,1520,1520,1520,1520,0.0,,0.667,0,-1,2026-03-30,3,False,102.0,102.6,103.1,103.7
,Sach T.,,1519,1519,1519,1519,0.0,,0.667,0,-1,2026-04-13,3,False,101.9,102.5,103.0,103.6
,Marinkov P.,,1518,1518,1518,1518,0.0,,0.667,0,2,2026-04-06,3,False,101.8,102.4,102.8,103.4
,Wagenaar L.,,1518,1518,1518,1518,0.0,,0.667,0,2,2026-03-26,3,False,101.8,102.4,102.8,103.4
,Kadiri Hassani Y.,,1518,1518,1518,1518,0.0,,0.667,0,2,2026-03-24,3,False,101.8,102.4,102.8,103.4
,Brownrigg N.,,1521,1521,1521,1521,-2.0,0.5,0.667,2,1,2026-05-25,3,False,101.5,102.2,102.7,103.3
,Lynch A.,,1520,1520,1520,1520,-2.0,0.5,0.667,2,-1,2026-07-15,3,False,101.4,102.0,102.5,103.1
,Bondioli F.,,1484,1484,1486,1484,25.0,0.667,0.4,3,-1,2026-07-10,5,False,101.4,101.7,101.9,101.9
,Ellis B.,,1514,1515,1514,1514,0.0,,0.667,0,2,2026-04-16,6,False,101.4,102.0,102.3,102.9
,Moriya H.,,1519,1519,1519,1519,-2.0,0.5,0.667,2,-1,2026-05-31,3,False,101.3,101.9,102.4,103.0
,Blancaneaux G.,,1494,1495,1494,1494,15.0,0.667,0.5,3,-1,2026-05-23,8,False,101.1,101.6,101.6,101.9
,Damas M.,,1494,1491,1497,1494,15.0,0.6,0.5,5,3,2026-07-13,8,False,101.1,101.2,102.0,101.9
,Rocha L.,,1519,1519,1519,1519,-4.0,0.5,0.667,2,1,2026-05-05,3,False,100.8,101.4,101.9,102.5
,Gray A.,,1478,1471,1478,1483,23.0,0.6,0.429,5,2,2026-07-08,7,False,100.6,100.1,100.8,101.6
,Loizas A.,,1519,1519,1519,1519,-1.0,0.5,0.6,4,-2,2026-07-10,5,False,100.6,101.3,101.7,102.3
,Feldbausch K.,,1508,1507,1508,1508,6.0,0.5,0.5,4,-2,2026-07-05,8,False,100.0,100.5,100.9,101.3
,Moro Canas A.,,1490,1491,1490,1490,16.0,1.0,0.429,1,1,2026-06-03,7,False,99.9,100.4,100.4,100.6
,Langmo C.,,1517,1517,1517,1517,-2.0,0.5,0.571,4,1,2026-07-13,7,False,99.8,100.4,100.8,101.4
,Sachdev R.,,1514,1514,1514,1514,-3.0,0.5,0.6,2,1,2026-07-11,5,False,99.6,100.2,100.6,101.1
,Pont S.,,1480,1480,1480,1480,21.0,1.0,0.333,1,1,2026-06-16,3,False,98.9,99.2,99.1,99.3
,Bertrand R.,,1502,1503,1502,1502,3.0,0.5,0.5,4,1,2026-06-23,6,False,98.6,99.2,99.3,99.7
,Alvarado P.,,1479,1479,1479,1479,17.0,1.0,0.4,1,2,2026-06-08,5,False,98.6,99.0,98.8,99.0
,Mena F.,,1479,1479,1479,1479,20.0,1.0,0.333,1,1,2026-07-07,3,False,98.5,98.8,98.7,98.9
,Maxted L.,,1478,1478,1478,1478,20.0,1.0,0.333,1,1,2026-06-25,3,False,98.4,98.7,98.6,98.7
,Wessels L.,,1501,1501,1501,1501,2.0,0.5,0.5,2,-1,2026-07-16,4,False,98.2,98.7,98.9,99.3
,Iannaccone F.,,1505,1505,1505,1505,0.0,,0.5,0,-2,2026-04-10,4,False,98.1,98.6,98.8,99.3
,Ambrogi L.,,1498,1498,1498,1498,2.0,0.5,0.5,4,-1,2026-07-09,10,False,97.9,98.3,98.5,98.9
,Jones B.,,1503,1503,1503,1503,0.0,,0.5,0,-1,2026-04-12,2,False,97.9,98.3,98.6,99.0
,Zink T.,,1497,1497,1497,1497,2.0,0.5,0.5,2,-1,2026-06-02,4,False,97.8,98.2,98.4,98.7
,Barton H.,,1523,1523,1523,1523,-13.0,0.5,0.6,6,2,2026-06-04,10,False,97.8,98.4,98.9,99.6
,Arzhankin A.,,1502,1502,1502,1502,0.0,,0.5,0,1,2026-04-08,4,False,97.7,98.2,98.5,98.9
,Rehberg M.,,1514,1516,1513,1514,-8.0,0.5,0.556,8,-1,2026-07-08,9,False,97.6,98.4,98.4,99.1
,Markovina D.,,1501,1501,1501,1501,0.0,,0.5,0,1,2026-03-26,2,False,97.6,98.1,98.3,98.7
,Alimli M.,,1501,1501,1501,1501,0.0,,0.5,0,-1,2026-03-23,2,False,97.6,98.1,98.3,98.7
,Rivet M.,,1501,1501,1501,1501,0.0,,0.5,0,-1,2026-03-31,2,False,97.6,98.1,98.3,98.7
,Schachter N.,,1501,1501,1501,1501,0.0,,0.5,0,-1,2026-04-13,2,False,97.6,98.1,98.3,98.7
,Fajta P.,,1500,1500,1500,1500,0.0,0.5,0.5,2,-1,2026-06-07,4,False,97.5,98.0,98.2,98.6
,Kos D.,,1499,1499,1499,1499,0.0,,0.5,0,1,2026-03-25,2,False,97.4,97.9,98.1,98.5
,Gurmendi A.,,1499,1499,1499,1499,0.0,,0.5,0,1,2026-04-07,2,False,97.4,97.9,98.1,98.5
,Colson T.,,1499,1499,1499,1499,0.0,,0.5,0,-2,2026-04-12,4,False,97.4,97.9,98.1,98.5
,Simmonds S.,,1499,1499,1499,1499,0.0,,0.5,0,1,2026-03-18,2,False,97.4,97.9,98.1,98.5
,Ishikawa H.,,1499,1499,1499,1499,0.0,,0.5,0,1,2026-04-14,2,False,97.4,97.9,98.1,98.5
,Wendelken H.,,1521,1520,1521,1521,-14.0,0.0,0.6,1,-2,2026-06-04,10,False,97.3,97.8,98.4,99.0
,Sucic F.,,1498,1498,1498,1498,0.0,,0.5,0,1,2026-03-22,2,False,97.3,97.8,98.0,98.3
,Tavarez Pichardo J.,,1497,1497,1497,1497,0.0,,0.5,0,1,2026-03-26,2,False,97.2,97.7,97.8,98.2
,Neuchrist M.,,1495,1495,1495,1495,0.0,,0.5,0,1,2026-04-15,2,False,97.0,97.5,97.6,97.9
,Porras J.,,1521,1521,1521,1521,-19.0,0.0,0.667,1,-1,2026-05-03,3,False,96.8,97.5,98.0,98.6
,Hazawa S.,,1522,1522,1522,1522,-20.0,0.0,0.667,1,-1,2026-07-16,3,False,96.7,97.3,97.8,98.4
,Gschwendtner J.,,1520,1520,1520,1520,-17.0,0.0,0.6,1,-1,2026-05-24,5,False,96.3,97.0,97.5,98.1
,Salazar D.,,1465,1462,1468,1465,17.0,1.0,0.333,1,1,2026-07-12,6,False,96.2,96.1,96.5,96.1
,Cecchinato M.,,1484,1484,1484,1484,6.0,0.5,0.4,2,-1,2026-07-05,5,False,96.1,96.5,96.4,96.6
,Agamenone F.,,1486,1490,1483,1486,5.0,0.5,0.4,2,-1,2026-07-06,5,False,96.1,96.9,96.0,96.6
,Geschwind F.,,1518,1518,1518,1518,-23.0,0.0,0.667,1,-1,2026-05-07,3,False,95.8,96.4,96.9,97.5
,Midon L.,,1497,1497,1497,1497,-5.0,0.5,0.5,2,1,2026-06-03,6,False,95.8,96.3,96.5,96.8
,Poling K.,,1482,1482,1482,1482,4.0,0.5,0.4,4,-2,2026-07-13,5,False,95.4,95.7,95.6,95.8
,Hsu Y.,,1484,1484,1484,1484,3.0,0.5,0.4,2,-1,2026-05-29,5,False,95.3,95.6,95.6,95.8
,Ivashka I.,,1484,1484,1484,1484,6.0,0.5,0.333,2,1,2026-07-13,3,False,95.2,95.5,95.5,95.7
,Basing M.,,1519,1521,1519,1514,-24.0,0.333,0.6,3,-1,2026-07-11,5,False,95.0,95.8,96.1,96.0
,Lootsma N.,,1519,1519,1519,1519,-22.0,0.333,0.6,3,1,2026-07-01,5,False,95.0,95.6,96.1,96.7
,Cundom J.,,1484,1484,1484,1484,2.0,0.5,0.4,2,1,2026-07-13,5,False,95.0,95.4,95.3,95.5
,Uchiyama Y.,,1514,1514,1514,1514,-20.0,0.0,0.6,1,-2,2026-05-25,5,False,94.9,95.5,95.9,96.4
,Aguiard E.,,1517,1517,1517,1517,-40.0,0.0,0.6,2,-2,2026-06-18,5,False,94.8,95.4,95.8,96.4
,Takahashi Y.,,1479,1479,1479,1479,3.0,0.5,0.4,2,-1,2026-04-27,5,False,94.8,95.1,95.0,95.1
,Varillas J.,,1516,1515,1516,1516,-22.0,0.333,0.6,3,-1,2026-07-11,5,False,94.7,95.2,95.7,96.3
,La Serna J.,,1512,1508,1513,1512,-18.0,0.333,0.556,3,-1,2026-06-27,9,False,94.6,94.7,95.7,96.1
,Noguchi R.,,1515,1515,1515,1515,-25.0,0.333,0.6,3,1,2026-07-15,5,False,94.6,95.2,95.6,96.1
,Ono C.,,1482,1482,1482,1482,1.0,0.5,0.4,2,-1,2026-05-22,5,False,94.5,94.9,94.8,95.0
,Bax F.,,1513,1514,1513,1513,-25.0,0.333,0.6,3,-1,2026-05-10,5,False,94.4,95.0,95.3,95.8
,Huertas Del Pino A.,,1483,1483,1483,1483,0.0,0.5,0.4,2,-1,2026-06-22,5,False,94.4,94.7,94.7,94.8
,Zielinski M.,,1481,1481,1481,1481,3.0,0.5,0.333,2,-1,2026-05-23,3,False,94.0,94.4,94.3,94.5
,Baum S.,,1479,1479,1479,1479,0.0,,0.4,0,1,2026-03-25,5,False,93.9,94.3,94.1,94.3
,Kopp S.,,1479,1479,1479,1479,3.0,0.5,0.333,2,-1,2026-06-27,3,False,93.8,94.1,94.0,94.2
,Sorger S.,,1480,1480,1480,1480,2.0,0.5,0.333,2,-1,2026-05-30,3,False,93.7,94.0,93.9,94.0
,Krishna R.,,1507,1507,1507,1507,-17.0,0.0,0.5,1,-1,2026-05-16,2,False,93.6,94.1,94.4,94.9
,Janvier M.,,1479,1479,1479,1479,2.0,0.5,0.333,2,-1,2026-06-29,3,False,93.6,93.9,93.8,93.9
,Squire H.,,1501,1501,1501,1501,-15.0,0.333,0.5,3,-1,2026-07-01,10,False,93.5,94.0,94.2,94.6
,Romano F.,,1505,1504,1505,1505,-17.0,0.0,0.5,1,-2,2026-06-13,4,False,93.4,93.8,94.1,94.6
,Ribero F.,,1482,1482,1482,1482,0.0,,0.333,0,-1,2026-03-23,3,False,93.3,93.7,93.6,93.8
,Xilas I.,,1504,1504,1504,1504,-17.0,0.0,0.5,1,-1,2026-05-11,4,False,93.3,93.8,94.0,94.4
,Apostol C.,,1482,1482,1482,1482,0.0,,0.333,0,-2,2026-04-10,3,False,93.3,93.7,93.6,93.8
,Travaglia S.,,1507,1507,1507,1507,-18.0,0.0,0.5,1,-2,2026-05-30,4,False,93.3,93.8,94.1,94.6
,Cadenasso G.,,1501,1503,1500,1501,-16.0,0.0,0.5,1,-1,2026-06-01,4,False,93.2,93.9,93.8,94.3
,Kingsley C.,,1481,1479,1483,1481,0.0,,0.333,0,-1,2026-04-08,3,False,93.2,93.3,93.7,93.6
,Doria L.,,1480,1480,1480,1480,0.0,,0.333,0,-2,2026-04-10,3,False,93.1,93.4,93.3,93.5
,Clements J.,,1477,1477,1477,1477,1.0,0.5,0.333,2,-1,2026-05-04,3,False,93.1,93.4,93.2,93.4
,Freire Da Silva A.,,1476,1476,1476,1476,1.0,0.5,0.333,2,-1,2026-06-15,3,False,93.0,93.3,93.1,93.2
,Remondy Pagotto V.,,1506,1506,1506,1506,-19.0,0.0,0.5,1,-1,2026-06-04,2,False,92.9,93.4,93.7,94.2
,Pavlovic L.,,1502,1507,1501,1502,-18.0,0.333,0.5,3,-1,2026-07-09,8,False,92.8,93.8,93.4,93.9
,Hujo O.,,1477,1477,1477,1477,0.0,,0.333,0,1,2026-03-28,3,False,92.8,93.1,93.0,93.1
,Dutra da Silva D.,,1476,1476,1476,1476,0.0,,0.333,0,1,2026-04-12,3,False,92.7,93.0,92.8,92.9
,Fancutt T.,,1503,1503,1503,1503,-19.0,0.0,0.5,1,-1,2026-06-23,2,False,92.6,93.1,93.3,93.8
,Dellien M.,,1498,1498,1498,1498,-18.0,0.0,0.5,1,-1,2026-05-02,2,False,92.4,92.8,93.0,93.3
,Ciric A.,,1497,1497,1497,1497,-18.0,0.0,0.5,1,-1,2026-05-14,4,False,92.3,92.7,92.9,93.2
,MacKenzie J.,,1503,1504,1501,1503,-20.0,0.0,0.5,1,-1,2026-04-19,2,False,92.3,92.9,92.8,93.5
,Alcantara A.,,1477,1477,1477,1477,-2.0,0.5,0.333,2,1,2026-05-03,3,False,92.2,92.5,92.4,92.5
,Roca Batalla O.,,1476,1476,1476,1476,-2.0,0.5,0.333,2,1,2026-06-29,3,False,92.1,92.4,92.3,92.4
,Lazarov G.,,1503,1503,1503,1503,-21.0,0.0,0.5,1,-1,2026-04-19,2,False,92.1,92.6,92.8,93.2
,Polmans M.,,1474,1473,1474,1476,-2.0,0.5,0.333,2,1,2026-06-21,3,False,91.9,92.1,92.0,92.4
,Carboni L.,,1462,1462,1462,1462,2.0,0.5,0.333,2,-1,2026-05-18,6,False,91.8,92.0,91.6,91.6
,Boulais J.,,1502,1502,1502,1502,-23.0,0.333,0.5,3,-2,2026-06-09,4,False,91.8,92.3,92.5,92.9
,Mcleod A.,,1501,1501,1501,1501,-21.0,0.0,0.5,1,-1,2026-06-20,2,False,91.8,92.3,92.5,92.9
,Gaskell L.,,1501,1501,1501,1501,-22.0,0.0,0.5,1,-1,2026-04-21,2,False,91.7,92.2,92.4,92.8
,Nagel A.,,1462,1462,1462,1462,6.0,0.5,0.25,2,1,2026-05-27,4,False,91.7,91.9,91.5,91.5
,Melnic V.,,1501,1501,1501,1501,-22.0,0.0,0.5,1,-1,2026-05-12,2,False,91.7,92.2,92.4,92.8
,Echeverria J.,,1501,1501,1501,1501,-22.0,0.0,0.5,1,-1,2026-04-18,2,False,91.7,92.2,92.4,92.8
,Tashiro Y.,,1501,1501,1501,1501,-22.0,0.0,0.5,1,-1,2026-07-16,2,False,91.7,92.2,92.4,92.8
,Koenders R.,,1501,1501,1501,1501,-22.0,0.0,0.5,1,-1,2026-04-25,2,False,91.7,92.2,92.4,92.8
,Kamath M.,,1501,1501,1501,1501,-22.0,0.0,0.5,1,-1,2026-07-05,2,False,91.7,92.2,92.4,92.8
,Kennedy J.,,1498,1498,1498,1498,-21.0,0.333,0.5,3,-2,2026-07-03,6,False,91.5,92.0,92.2,92.5
,Castro L.,,1499,1499,1499,1499,-23.0,0.0,0.5,1,-1,2026-06-08,2,False,91.5,92.0,92.1,92.5
,Marosik N.,,1464,1464,1464,1464,0.0,,0.333,0,1,2026-03-27,6,False,91.4,91.6,91.3,91.3
,Matusevich A.,,1498,1498,1498,1498,-26.0,0.0,0.5,1,-1,2026-06-30,2,False,91.4,91.8,92.0,92.4
,Ambler C.,,1461,1461,1461,1461,5.0,0.5,0.25,2,-1,2026-05-06,4,False,91.3,91.5,91.1,91.1
,Boscardin Dias P.,,1495,1495,1495,1495,-21.0,0.0,0.5,1,-1,2026-05-26,6,False,91.2,91.7,91.8,92.1
,Broom C.,,1472,1472,1472,1472,-4.0,0.4,0.333,5,-1,2026-06-16,6,False,91.2,91.4,91.2,91.3
,Martin Manzano J.,,1496,1497,1495,1496,-25.0,0.0,0.5,1,-1,2026-07-16,2,False,91.2,91.7,91.6,92.1
,Barrena A.,,1466,1466,1466,1466,0.0,,0.25,0,-3,2026-03-20,4,False,90.5,90.7,90.4,90.4
,Villanueva G.,,1458,1452,1461,1458,1.0,0.4,0.286,5,1,2026-07-16,7,False,90.4,89.9,90.5,90.1
,Cohen D.,,1465,1465,1465,1465,0.0,,0.25,0,-3,2026-03-25,4,False,90.4,90.6,90.3,90.3
,Martinez A.,,1487,1490,1487,1487,-16.0,0.333,0.4,3,-1,2026-07-02,5,False,90.4,91.1,90.7,91.0
,Karki R.,,1486,1485,1486,1486,-18.0,0.0,0.4,1,-2,2026-06-28,5,False,89.7,90.0,90.1,90.3
,Maestrelli F.,,1485,1486,1485,1485,-18.0,0.0,0.4,1,-3,2026-06-15,5,False,89.6,90.1,89.9,90.2
,Silva F.,,1487,1487,1487,1487,-51.0,0.0,0.429,3,-4,2026-07-07,7,False,89.2,89.6,89.6,89.9
,Broady L.,,1487,1490,1487,1487,-48.0,0.0,0.429,3,-3,2026-06-03,7,False,89.2,90.0,89.6,89.9
,Zeitune M.,,1485,1485,1485,1485,-31.0,0.25,0.429,4,1,2026-06-15,7,False,89.0,89.4,89.4,89.6
,Soto M.,,1480,1480,1480,1480,-32.0,0.0,0.444,2,-2,2026-07-12,9,False,88.7,89.0,88.9,89.1
,Fernandez Flores D.,,1483,1483,1483,1483,-17.0,0.0,0.333,1,-1,2026-04-27,3,False,88.7,89.1,89.0,89.2
,Leite W.,,1486,1485,1486,1486,-37.0,0.25,0.4,4,-3,2026-06-03,5,False,88.7,89.0,89.1,89.3
,Vandecasteele Q.,,1485,1488,1485,1485,-33.0,0.0,0.4,2,-2,2026-07-08,5,False,88.6,89.3,89.0,89.2
,Alkaya M.,,1483,1484,1483,1483,-18.0,0.0,0.333,1,-2,2026-06-07,3,False,88.5,88.9,88.7,88.9
,Otegui J.,,1483,1483,1483,1483,-18.0,0.0,0.333,1,-1,2026-06-21,3,False,88.5,88.8,88.7,88.9
,Loge J.,,1480,1480,1480,1480,0.0,,0.0,0,-1,2026-04-12,1,False,88.4,88.7,88.6,88.8
,Villalon N.,,1483,1483,1483,1483,-41.0,0.25,0.4,4,-2,2026-07-05,5,False,88.4,88.8,88.7,88.9
,Sanchez Jover C.,,1482,1482,1482,1482,-18.0,0.0,0.333,1,-1,2026-06-11,3,False,88.3,88.7,88.6,88.8
,Wang S.,,1479,1479,1479,1479,0.0,,0.0,0,-1,2026-03-21,1,False,88.3,88.6,88.5,88.7
,Rengifo F.,,1479,1479,1479,1479,0.0,,0.0,0,-1,2026-03-23,1,False,88.3,88.6,88.5,88.7
,Rottoli L.,,1479,1479,1479,1479,0.0,,0.0,0,-1,2026-03-23,1,False,88.3,88.6,88.5,88.7
,Pereira J.,,1479,1479,1479,1479,0.0,,0.0,0,-1,2026-03-23,1,False,88.3,88.6,88.5,88.7
,Battistone S.,,1479,1479,1479,1479,0.0,,0.0,0,-1,2026-03-25,1,False,88.3,88.6,88.5,88.7
,Sebesta J.,,1479,1479,1479,1479,0.0,,0.0,0,-1,2026-03-28,1,False,88.3,88.6,88.5,88.7
,Isomura K.,,1479,1479,1479,1479,0.0,,0.0,0,-1,2026-03-29,1,False,88.3,88.6,88.5,88.7
,Misasi G.,,1479,1479,1479,1479,0.0,,0.0,0,-1,2026-03-30,1,False,88.3,88.6,88.5,88.7
,Brown O.,,1479,1479,1479,1479,0.0,,0.0,0,-1,2026-04-03,1,False,88.3,88.6,88.5,88.7
,Hendrikx J.,,1479,1479,1479,1479,0.0,,0.0,0,-1,2026-04-04,1,False,88.3,88.6,88.5,88.7
,Lima E.,,1479,1479,1479,1479,0.0,,0.0,0,-1,2026-04-06,1,False,88.3,88.6,88.5,88.7
,Alexandrescou Y.,,1479,1479,1479,1479,0.0,,0.0,0,-1,2026-04-07,1,False,88.3,88.6,88.5,88.7
,Guo X.,,1479,1479,1479,1479,0.0,,0.0,0,-1,2026-04-12,1,False,88.3,88.6,88.5,88.7
,Zhang L.,,1479,1479,1479,1479,0.0,,0.0,0,-1,2026-04-12,1,False,88.3,88.6,88.5,88.7
,Chung Y.,,1479,1479,1479,1479,0.0,,0.0,0,-1,2026-04-13,1,False,88.3,88.6,88.5,88.7
,Solonenko A.,,1483,1483,1483,1483,-19.0,0.0,0.333,1,-2,2026-04-20,3,False,88.2,88.5,88.5,88.7
,Liu L.,,1478,1478,1478,1478,0.0,,0.0,0,-1,2026-03-19,1,False,88.2,88.5,88.4,88.5
,Maxant T.,,1478,1478,1478,1478,0.0,,0.0,0,-1,2026-03-19,1,False,88.2,88.5,88.4,88.5
,Dell'elba V.,,1478,1478,1478,1478,0.0,,0.0,0,-1,2026-03-19,1,False,88.2,88.5,88.4,88.5
,Tallakson B.,,1478,1478,1478,1478,0.0,,0.0,0,-1,2026-03-21,1,False,88.2,88.5,88.4,88.5
,Kleiman M.,,1478,1478,1478,1478,0.0,,0.0,0,-1,2026-03-22,1,False,88.2,88.5,88.4,88.5
,Arzur B.,,1478,1478,1478,1478,0.0,,0.0,0,-1,2026-03-22,1,False,88.2,88.5,88.4,88.5
,Pinheiro da Cruz Junior G.,,1478,1478,1478,1478,0.0,,0.0,0,-1,2026-03-22,1,False,88.2,88.5,88.4,88.5
,Nakagawa S.,,1478,1478,1478,1478,0.0,,0.0,0,-1,2026-03-22,1,False,88.2,88.5,88.4,88.5
,Grosman S.,,1478,1478,1478,1478,0.0,,0.0,0,-1,2026-03-23,1,False,88.2,88.5,88.4,88.5
,Wang Y.,,1478,1478,1478,1478,0.0,,0.0,0,-1,2026-03-29,1,False,88.2,88.5,88.4,88.5
,Haupt H.,,1478,1478,1478,1478,0.0,,0.0,0,-1,2026-03-30,1,False,88.2,88.5,88.4,88.5
,Bennour Dit Sahli A.,,1478,1478,1478,1478,0.0,,0.0,0,-1,2026-03-31,1,False,88.2,88.5,88.4,88.5
,Bartram W.,,1478,1478,1478,1478,0.0,,0.0,0,-1,2026-04-01,1,False,88.2,88.5,88.4,88.5
,Borisov M.,,1478,1478,1478,1478,0.0,,0.0,0,-1,2026-04-02,1,False,88.2,88.5,88.4,88.5
,Domingues J.,,1478,1478,1478,1478,0.0,,0.0,0,-1,2026-04-04,1,False,88.2,88.5,88.4,88.5
,Jenkins Y.,,1478,1478,1478,1478,0.0,,0.0,0,-1,2026-04-05,1,False,88.2,88.5,88.4,88.5
,Didoni V.,,1478,1478,1478,1478,0.0,,0.0,0,-1,2026-04-05,1,False,88.2,88.5,88.4,88.5
,Miladinovic M.,,1478,1478,1478,1478,0.0,,0.0,0,-1,2026-04-06,1,False,88.2,88.5,88.4,88.5
,Kapuskin P.,,1478,1478,1478,1478,0.0,,0.0,0,-1,2026-04-06,1,False,88.2,88.5,88.4,88.5
,Charlton J.,,1478,1478,1478,1478,0.0,,0.0,0,-1,2026-04-06,1,False,88.2,88.5,88.4,88.5
,Peliwo F.,,1478,1478,1478,1478,0.0,,0.0,0,-1,2026-04-07,1,False,88.2,88.5,88.4,88.5
,Vazquez F.,,1478,1478,1478,1478,0.0,,0.0,0,-1,2026-04-09,1,False,88.2,88.5,88.4,88.5
,Bharadwaj P.,,1478,1478,1478,1478,0.0,,0.0,0,-1,2026-04-11,1,False,88.2,88.5,88.4,88.5
,Brown P.,,1478,1478,1478,1478,0.0,,0.0,0,-1,2026-04-12,1,False,88.2,88.5,88.4,88.5
,Seleznev B.,,1478,1478,1478,1478,0.0,,0.0,0,-1,2026-04-13,1,False,88.2,88.5,88.4,88.5
,Sosedkin F.,,1478,1478,1478,1478,0.0,,0.0,0,-1,2026-04-14,1,False,88.2,88.5,88.4,88.5
,Arcon A.,,1478,1478,1478,1478,0.0,,0.0,0,-1,2026-04-15,1,False,88.2,88.5,88.4,88.5
,Dreer F.,,1478,1478,1478,1478,0.0,,0.0,0,-1,2026-04-16,1,False,88.2,88.5,88.4,88.5
,Ryden V.,,1478,1478,1478,1478,0.0,,0.0,0,-1,2026-04-16,1,False,88.2,88.5,88.4,88.5
,Tonaka M.,,1480,1480,1480,1480,-18.0,0.0,0.333,1,-1,2026-06-24,3,False,88.1,88.5,88.4,88.5
,Kis Balazs R.,,1482,1482,1482,1482,-19.0,0.0,0.333,1,-2,2026-06-27,3,False,88.1,88.4,88.3,88.5
,Trione R.,,1477,1477,1477,1477,0.0,,0.0,0,-1,2026-03-29,1,False,88.1,88.4,88.3,88.4
,Cordoba C.,,1477,1477,1477,1477,0.0,,0.0,0,-1,2026-04-14,1,False,88.1,88.4,88.3,88.4
,Haviland R.,,1476,1476,1476,1476,0.0,,0.0,0,-1,2026-03-18,1,False,88.0,88.3,88.1,88.2
,Held N.,,1476,1476,1476,1476,0.0,,0.0,0,-1,2026-03-25,1,False,88.0,88.3,88.1,88.2
,Hohmann R.,,1476,1476,1476,1476,0.0,,0.0,0,-1,2026-03-26,1,False,88.0,88.3,88.1,88.2
,Gutierrez O.,,1476,1476,1476,1476,0.0,,0.0,0,-1,2026-03-31,1,False,88.0,88.3,88.1,88.2
,Davidov T.,,1476,1476,1476,1476,0.0,,0.0,0,-1,2026-04-05,1,False,88.0,88.3,88.1,88.2
,Meng F.,,1476,1476,1476,1476,0.0,,0.0,0,-1,2026-04-05,1,False,88.0,88.3,88.1,88.2
,Nolan W.,,1476,1476,1476,1476,0.0,,0.0,0,-1,2026-04-07,1,False,88.0,88.3,88.1,88.2
,Wassermann D.,,1475,1476,1475,1475,0.0,,0.0,0,-1,2026-04-01,1,False,87.9,88.3,88.0,88.1
,Nikles J.,,1475,1475,1475,1475,0.0,,0.0,0,-1,2026-04-09,1,False,87.9,88.2,88.0,88.1
,Binu A.,,1474,1474,1474,1474,0.0,,0.0,0,-1,2026-03-27,1,False,87.8,88.1,87.9,88.0
,Peck J.,,1483,1483,1483,1483,-39.0,0.0,0.333,2,-2,2026-07-08,3,False,87.5,87.8,87.8,88.0
,Koutroubis N.,,1483,1483,1483,1483,-38.0,0.0,0.333,2,-2,2026-06-13,3,False,87.5,87.8,87.8,88.0
,Ion N.,,1482,1482,1482,1482,-39.0,0.0,0.333,2,-2,2026-07-16,3,False,87.4,87.7,87.6,87.8
,Martin A.,,1464,1467,1464,1464,-15.0,0.333,0.333,3,-1,2026-07-06,6,False,87.3,87.8,87.2,87.2
,Kuhar M.,,1465,1465,1465,1465,-11.0,0.333,0.25,3,-2,2026-04-26,4,False,87.3,87.6,87.2,87.2
,Callejon Hernando S.,,1480,1480,1480,1480,-43.0,0.0,0.333,2,-2,2026-07-03,3,False,87.2,87.5,87.4,87.5
,Kouame M.,,1472,1474,1472,1472,-14.0,0.333,0.25,3,-2,2026-07-06,4,False,87.2,87.7,87.3,87.4
,Palosi S.,,1470,1470,1470,1470,-14.0,0.0,0.25,1,-2,2026-07-02,4,False,87.0,87.3,87.0,87.1
,Aboian V.,,1466,1466,1466,1466,-17.0,0.333,0.333,3,-1,2026-07-06,6,False,87.0,87.2,86.9,86.9
,Gill F.,,1449,1451,1450,1454,-9.0,0.333,0.286,3,-1,2026-07-10,7,False,86.7,87.1,86.4,86.8
,Berard T.,,1475,1475,1475,1475,-48.0,0.0,0.333,2,-2,2026-06-30,3,False,86.6,86.9,86.8,86.9
,Handel T.,,1461,1461,1461,1461,0.0,,0.0,0,-2,2026-04-13,2,False,86.4,86.6,86.2,86.2
,Rybakov A.,,1461,1461,1461,1461,0.0,,0.0,0,-2,2026-04-15,2,False,86.4,86.6,86.2,86.2
,Elias G.,,1460,1460,1460,1460,0.0,,0.0,0,-2,2026-04-13,2,False,86.3,86.5,86.1,86.0
,Pilipovic A.,,1460,1460,1460,1460,0.0,,0.0,0,-2,2026-04-09,2,False,86.3,86.5,86.1,86.0
,Hansson J.,,1460,1460,1460,1460,0.0,,0.0,0,-2,2026-03-31,2,False,86.3,86.5,86.1,86.0
,Basel V.,,1460,1461,1461,1460,0.0,,0.0,0,-2,2026-04-05,2,False,86.3,86.6,86.2,86.0
,Romeo F.,,1460,1460,1460,1460,0.0,,0.0,0,-2,2026-04-05,2,False,86.3,86.5,86.1,86.0
,Leong M.,,1463,1463,1463,1463,-14.0,0.333,0.25,3,-1,2026-07-14,4,False,86.3,86.5,86.2,86.1
,Hull L.,,1459,1459,1459,1459,0.0,,0.0,0,-2,2026-04-13,2,False,86.2,86.4,86.0,85.9
,Leather J.,,1459,1459,1459,1459,0.0,,0.0,0,-2,2026-03-18,2,False,86.2,86.4,86.0,85.9
,Vanshelboim E.,,1459,1459,1459,1459,0.0,,0.0,0,-2,2026-04-13,2,False,86.2,86.4,86.0,85.9
,De Alba Valdes R.,,1459,1459,1459,1459,0.0,,0.0,0,-2,2026-03-29,2,False,86.2,86.4,86.0,85.9
,Delaney J.,,1459,1459,1459,1459,0.0,,0.0,0,-2,2026-04-05,2,False,86.2,86.4,86.0,85.9
,Martinovic M.,,1458,1458,1458,1458,0.0,,0.0,0,-2,2026-03-29,2,False,86.1,86.3,85.9,85.8
,Sheehy J.,,1469,1470,1469,1469,-34.0,0.0,0.333,2,-3,2026-07-13,6,False,86.0,86.4,86.0,86.0
,Olivieri G.,,1463,1460,1470,1463,-32.0,0.25,0.375,4,-3,2026-07-06,8,False,86.0,85.8,86.7,85.8
,Nissen J.,,1456,1456,1456,1456,0.0,,0.0,0,-2,2026-03-22,2,False,85.9,86.1,85.6,85.5
,McDonald N.,,1455,1455,1455,1455,0.0,,0.0,0,-2,2026-04-16,2,False,85.8,85.9,85.5,85.4
,Sekulic P.,,1466,1469,1466,1467,-29.0,0.25,0.333,4,-2,2026-07-05,6,False,85.7,86.3,85.6,85.8
,Zhu E.,,1462,1462,1462,1462,-16.0,0.333,0.25,3,-1,2026-07-14,4,False,85.6,85.8,85.5,85.4
,Gonzalez Fernandez M.,,1463,1464,1463,1463,-17.0,0.0,0.25,1,-3,2026-06-03,4,False,85.5,85.8,85.3,85.3
,Ratti L.,,1449,1452,1450,1449,-10.0,0.333,0.2,3,1,2026-06-15,5,False,85.2,85.7,84.9,84.6
,Sakamoto P.,,1444,1444,1444,1444,0.0,,0.0,0,-3,2026-04-15,3,False,84.7,84.7,84.1,83.8
,Justo G.,,1454,1457,1455,1454,-33.0,0.0,0.333,3,-5,2026-06-19,12,False,84.5,84.9,84.2,84.0
,Johns G.,,1466,1469,1466,1465,-35.0,0.0,0.25,2,-3,2026-07-09,4,False,84.5,85.1,84.4,84.3
,Geerts M.,,1464,1464,1464,1464,-34.0,0.0,0.25,2,-2,2026-04-30,4,False,84.3,84.5,84.2,84.2
,Ghibaudo A.,,1445,1445,1445,1445,-12.0,0.333,0.2,3,-1,2026-05-02,5,False,84.3,84.3,83.7,83.5
,Kaipo Marshall,,1389,1393,1395,1389,9.0,0.5,0.188,2,-1,2026-06-13,16,False,84.1,84.2,83.0,81.4
,Orlov A.,,1438,1438,1438,1438,0.0,,0.0,0,-3,2026-03-28,3,False,84.0,84.1,83.3,83.0
,Poullain L.,,1460,1461,1460,1460,-37.0,0.0,0.25,2,-2,2026-05-26,4,False,83.9,84.2,83.7,83.6
,Arnaboldi F.,,1459,1462,1460,1459,-63.0,0.0,0.25,3,-3,2026-07-12,4,False,83.8,84.3,83.7,83.5
,Kolar Z.,,1452,1454,1452,1453,-46.0,0.2,0.286,5,-3,2026-06-22,7,False,83.6,83.9,83.2,83.2
,Giustino L.,,1451,1452,1451,1451,-32.0,0.0,0.286,2,-3,2026-07-12,7,False,83.5,83.7,83.1,82.9
,Alvarez M.,,1464,1464,1464,1464,-15.0,0.0,0.0,1,-2,2026-05-13,2,False,82.6,82.8,82.5,82.5
,Gil F.,,1450,1450,1450,1450,-48.0,0.0,0.2,3,-3,2026-07-09,5,False,82.2,82.3,81.7,81.5
,Ribeiro E.,,1436,1435,1436,1436,-15.0,0.0,0.167,1,-4,2026-06-23,6,False,82.1,81.9,81.3,81.0
,Piraino G.,,1463,1463,1463,1463,-17.0,0.0,0.0,1,-2,2026-05-20,2,False,82.0,82.1,81.8,81.8
,Ifi N.,,1462,1462,1462,1462,-17.0,0.0,0.0,1,-2,2026-06-29,2,False,81.8,82.0,81.7,81.6
,Bataljin L.,,1461,1461,1461,1461,-17.0,0.0,0.0,1,-2,2026-05-05,2,False,81.7,81.9,81.5,81.5
,Huseinovikj A.,,1461,1461,1461,1461,-17.0,0.0,0.0,1,-2,2026-05-29,2,False,81.7,81.9,81.5,81.5
,Seggerman R.,,1459,1459,1459,1459,-17.0,0.0,0.0,1,-2,2026-05-09,2,False,81.5,81.7,81.3,81.2
,Piening C.,,1458,1458,1458,1458,-17.0,0.0,0.0,1,-2,2026-05-22,2,False,81.4,81.6,81.2,81.1
,Barsukov N.,,1461,1461,1461,1461,-19.0,0.0,0.0,1,-2,2026-04-20,2,False,81.2,81.4,81.0,80.9
,Jankoski D.,,1458,1458,1458,1458,-18.0,0.0,0.0,1,-2,2026-05-25,2,False,81.2,81.3,80.9,80.8
,Nunez L.,,1460,1460,1460,1460,-19.0,0.0,0.0,1,-2,2026-05-05,2,False,81.1,81.3,80.9,80.8
,Holder C.,,1459,1459,1459,1459,-19.0,0.0,0.0,1,-2,2026-06-24,2,False,81.0,81.1,80.7,80.7
,Agostini S.,,1459,1459,1459,1459,-19.0,0.0,0.0,1,-2,2026-06-02,2,False,81.0,81.1,80.7,80.7
,Baiant R.,,1459,1459,1459,1459,-19.0,0.0,0.0,1,-2,2026-07-14,2,False,81.0,81.1,80.7,80.7
,Castle M.,,1459,1459,1459,1459,-19.0,0.0,0.0,1,-2,2026-06-23,2,False,81.0,81.1,80.7,80.7
,Andaloro F.,,1459,1459,1459,1459,-19.0,0.0,0.0,1,-2,2026-05-03,2,False,81.0,81.1,80.7,80.7
,Garay V.,,1459,1459,1459,1459,-19.0,0.0,0.0,1,-2,2026-04-18,2,False,81.0,81.1,80.7,80.7
,Ceban M.,,1458,1458,1458,1458,-19.0,0.0,0.0,1,-2,2026-06-07,2,False,80.9,81.0,80.6,80.5
,Monferrer E.,,1458,1458,1458,1458,-19.0,0.0,0.0,1,-2,2026-06-09,2,False,80.9,81.0,80.6,80.5
,Malirz K.,,1457,1457,1457,1457,-19.0,0.0,0.0,1,-2,2026-05-25,2,False,80.8,80.9,80.5,80.4
,Ferrari G.,,1459,1459,1459,1459,-20.0,0.0,0.0,1,-2,2026-05-31,2,False,80.7,80.9,80.5,80.4
,Mayo A.,,1443,1443,1443,1443,-14.0,0.0,0.0,1,-3,2026-07-15,3,False,80.7,80.7,80.1,79.8
,Pearson K.,,1457,1457,1457,1457,-20.0,0.0,0.0,1,-2,2026-07-12,2,False,80.5,80.6,80.2,80.1
,Franchini S.,,1457,1457,1457,1457,-20.0,0.0,0.0,1,-2,2026-05-26,2,False,80.5,80.6,80.2,80.1
,De Almeida G.,,1457,1457,1457,1457,-20.0,0.0,0.0,1,-2,2026-06-30,2,False,80.5,80.6,80.2,80.1
,Okonkwo O.,,1457,1457,1457,1457,-20.0,0.0,0.0,1,-2,2026-06-09,2,False,80.5,80.6,80.2,80.1
,King L.,,1457,1457,1457,1457,-20.0,0.0,0.0,1,-2,2026-05-14,2,False,80.5,80.6,80.2,80.1
,Kisantal B.,,1443,1443,1443,1443,-15.0,0.0,0.0,1,-3,2026-06-26,3,False,80.4,80.5,79.8,79.6
,Brownrigg A.,,1458,1458,1458,1458,-21.0,0.0,0.0,1,-2,2026-05-03,2,False,80.3,80.5,80.1,80.0
,Pieri S.,,1436,1435,1436,1436,-25.0,0.25,0.167,4,-1,2026-06-08,6,False,80.2,80.1,79.5,79.2
,Barroso Campos A.,,1457,1457,1457,1457,-22.0,0.0,0.0,1,-2,2026-06-25,2,False,80.1,80.2,79.8,79.7
,Ayeni A.,,1456,1456,1456,1456,-21.0,0.0,0.0,1,-2,2026-07-07,2,False,80.1,80.3,79.8,79.7
,Escurra Isnardi H.,,1456,1456,1456,1456,-21.0,0.0,0.0,1,-2,2026-06-16,2,False,80.1,80.3,79.8,79.7
,Tokuda R.,,1444,1444,1444,1444,-17.0,0.0,0.0,1,-3,2026-04-27,3,False,80.0,80.0,79.4,79.2
,Dinev D.,,1455,1456,1455,1456,-21.0,0.0,0.0,1,-2,2026-07-06,2,False,80.0,80.3,79.7,79.7
,Smith M.,,1444,1444,1444,1444,-17.0,0.0,0.0,1,-3,2026-06-18,3,False,80.0,80.0,79.4,79.2
,Rubio Fierros A.,,1443,1443,1443,1443,-18.0,0.0,0.0,1,-3,2026-06-23,3,False,79.6,79.6,79.0,78.7
,Karol M.,,1440,1441,1441,1440,-17.0,0.0,0.0,1,-3,2026-06-07,3,False,79.6,79.7,79.0,78.6
,Basile P.,,1444,1446,1445,1444,-34.0,0.0,0.0,2,-3,2026-06-05,3,False,78.7,79.0,78.3,77.9
,Perot R.,,1443,1443,1443,1443,-36.0,0.0,0.0,2,-3,2026-07-05,3,False,78.6,78.7,78.0,77.8
,Davies D.,,1442,1442,1442,1442,-36.0,0.0,0.0,2,-3,2026-07-04,3,False,78.5,78.5,77.9,77.6
,Kuzmanov D.,,1421,1422,1421,1421,-37.0,0.0,0.143,3,-5,2026-07-13,7,False,78.3,78.3,77.3,76.8
,Gallego J.,,1430,1432,1433,1430,-28.0,0.0,0.0,2,-4,2026-05-11,4,False,77.3,77.4,76.8,76.0
,Wiskandt M.,,1422,1422,1422,1422,-37.0,0.0,0.0,2,-4,2026-06-02,4,False,76.4,76.3,75.4,74.9
,Nguyen M.,,1403,1403,1403,1403,-75.0,0.125,0.111,8,-6,2026-07-06,9,False,76.0,75.8,74.5,73.8
,Shamlian E.,,1413,1413,1413,1413,-30.0,0.0,0.0,2,-5,2026-05-03,5,False,75.5,75.3,74.2,73.6
,Paris T.,,1409,1409,1409,1409,-30.0,0.0,0.0,2,-5,2026-05-25,5,False,75.1,74.9,73.7,73.1
,Govedarica A.,,1481,1481,1481,1481,,0.0,0.0,1,-1,2026-04-17,1,False,,,,
,Amarilla R.,,1501,1501,1501,1501,,0.5,0.5,2,-1,2026-04-19,2,False,,,,
,Clarijs R.,,1522,1522,1522,1522,,1.0,1.0,1,1,2026-04-17,1,False,,,,
,Sy-A-Foek B.,,1478,1478,1478,1478,,0.0,0.0,1,-1,2026-04-17,1,False,,,,
,Connaughton L.,,1479,1479,1479,1479,,0.333,0.333,3,-1,2026-05-09,3,False,,,,
,Simonit E.,,1521,1521,1521,1521,,1.0,1.0,1,1,2026-04-18,1,False,,,,
,Nikolic M.,,1478,1478,1478,1478,,0.0,0.0,1,-1,2026-04-18,1,False,,,,
,Weightman O.,,1499,1502,1499,1498,,0.5,0.5,4,-2,2026-07-06,4,False,,,,
,Perez B.,,1499,1499,1499,1499,,0.5,0.5,2,1,2026-07-05,2,False,,,,
,Almeida Junior E.,,1465,1465,1465,1465,,0.25,0.25,4,-3,2026-06-08,4,False,,,,
,Marini F.,,1478,1478,1478,1478,,0.0,0.0,1,-1,2026-04-19,1,False,,,,
,Kuzuhara B.,,1497,1497,1497,1497,,0.5,0.5,2,-1,2026-04-20,2,False,,,,
,La Vela G.,,1522,1522,1522,1522,,1.0,1.0,1,1,2026-04-19,1,False,,,,
,Bilozertsev N.,,1481,1481,1481,1481,,0.333,0.333,3,1,2026-06-22,3,False,,,,
,Mura M.,,1521,1521,1521,1521,,1.0,1.0,1,1,2026-04-20,1,False,,,,
,Strode E.,,1541,1541,1541,1541,,1.0,1.0,2,2,2026-04-24,2,False,,,,
,Edmonston A.,,1478,1478,1478,1478,,0.0,0.0,1,-1,2026-04-20,1,False,,,,
,Stuurman R.,,1537,1537,1537,1537,,0.75,0.75,4,-1,2026-04-26,4,False,,,,
,Kizaki R.,,1501,1501,1501,1501,,0.5,0.5,2,-1,2026-04-21,2,False,,,,
,Yamamoto S.,,1478,1478,1478,1478,,0.0,0.0,1,-1,2026-04-20,1,False,,,,
,Schifris J.,,1522,1522,1522,1522,,1.0,1.0,1,1,2026-04-20,1,False,,,,
,Vishal Balsekar A.,,1457,1457,1457,1457,,0.0,0.0,2,-2,2026-04-28,2,False,,,,
,Martinez Mora Esdras W.,,1476,1476,1476,1476,,0.0,0.0,1,-1,2026-04-20,1,False,,,,
,Caniato C.,,1446,1445,1451,1446,,0.2,0.2,5,-4,2026-07-14,5,False,,,,
,Atlangeriev B.,,1538,1538,1538,1538,,1.0,1.0,2,2,2026-04-21,2,False,,,,
,Chekhov A.,,1478,1478,1478,1478,,0.0,0.0,1,-1,2026-04-20,1,False,,,,
,Tunas G.,,1479,1479,1479,1479,,0.0,0.0,1,-1,2026-04-21,1,False,,,,
,Johnson C.,,1558,1558,1558,1558,,1.0,1.0,3,3,2026-06-21,3,False,,,,
,Jesudason A.,,1499,1499,1499,1499,,0.5,0.5,2,1,2026-05-19,2,False,,,,
,Petrov P.,,1476,1476,1476,1476,,0.0,0.0,1,-1,2026-04-21,1,False,,,,
,Rajski M.,,1574,1574,1574,1574,,1.0,1.0,4,4,2026-06-13,4,False,,,,
,Fondriest M.,,1476,1476,1476,1476,,0.0,0.0,1,-1,2026-04-21,1,False,,,,
,Malla B.,,1524,1524,1524,1524,,1.0,1.0,1,1,2026-04-21,1,False,,,,
,Wolf J.,,1483,1483,1483,1483,,0.333,0.333,3,-1,2026-06-30,3,False,,,,
,Chiu J.,,1478,1478,1478,1478,,0.0,0.0,1,-1,2026-04-22,1,False,,,,
,Benoit J.,,1558,1558,1558,1558,,1.0,1.0,3,3,2026-05-21,3,False,,,,
,Pitts N.,,1459,1459,1459,1459,,0.0,0.0,2,-2,2026-06-23,2,False,,,,
,Bredschneijder O.,,1479,1479,1479,1479,,0.0,0.0,1,-1,2026-04-22,1,False,,,,
,Nayuki G.,,1479,1479,1479,1479,,0.0,0.0,1,-1,2026-04-22,1,False,,,,
,Van Orderlain D.,,1480,1480,1480,1480,,0.0,0.0,1,-1,2026-04-23,1,False,,,,
,Gallagher G.,,1460,1460,1460,1460,,0.0,0.0,2,-2,2026-06-26,2,False,,,,
,Roddick J.,,1502,1502,1502,1502,,0.5,0.5,2,-1,2026-05-24,2,False,,,,
,Alujas R.,,1459,1459,1459,1459,,0.0,0.0,2,-2,2026-05-30,2,False,,,,
,Vuglar L.,,1460,1460,1460,1460,,0.0,0.0,2,-2,2026-04-26,2,False,,,,
,Mayer M.,,1480,1480,1480,1480,,0.0,0.0,1,-1,2026-04-24,1,False,,,,
,Karigyo T.,,1522,1522,1522,1522,,1.0,1.0,1,1,2026-04-24,1,False,,,,
,Mochizuki K.,,1484,1484,1484,1484,,0.429,0.429,7,1,2026-07-14,7,False,,,,
,Binu M.,,1522,1522,1522,1522,,1.0,1.0,1,1,2026-04-25,1,False,,,,
,Murariu J.,,1478,1478,1478,1478,,0.0,0.0,1,-1,2026-04-25,1,False,,,,
,S Venkatraman G.,,1524,1524,1524,1524,,1.0,1.0,1,1,2026-04-25,1,False,,,,
,Stewart H.,,1503,1503,1503,1503,,0.5,0.5,4,1,2026-06-08,4,False,,,,
,Patel S.,,1540,1540,1540,1540,,1.0,1.0,2,2,2026-06-17,2,False,,,,
,Sanogo E.,,1501,1501,1501,1501,,0.5,0.5,2,-1,2026-05-04,2,False,,,,
,Urrea A.,,1524,1524,1524,1524,,1.0,1.0,1,1,2026-04-26,1,False,,,,
,Brunold M.,,1522,1522,1522,1522,,1.0,1.0,1,1,2026-04-26,1,False,,,,
,Rosenkranz Koenig T.,,1499,1499,1499,1499,,0.5,0.5,2,1,2026-05-31,2,False,,,,
,Cerny M.,,1502,1502,1502,1502,,0.5,0.5,2,-1,2026-04-27,2,False,,,,
,Tiukaev R.,,1478,1478,1478,1478,,0.0,0.0,1,-1,2026-04-26,1,False,,,,
,Milic O.,,1556,1556,1556,1556,,1.0,1.0,3,3,2026-05-19,3,False,,,,
,Singh D.,,1461,1461,1461,1461,,0.0,0.0,2,-2,2026-05-06,2,False,,,,
,Bagnolini D.,,1522,1522,1522,1522,,1.0,1.0,1,1,2026-04-27,1,False,,,,
,Chepelev A.,,1478,1478,1478,1478,,0.0,0.0,1,-1,2026-04-27,1,False,,,,
,Groysman M.,,1521,1521,1521,1521,,1.0,1.0,1,1,2026-04-27,1,False,,,,
,Gima S.,,1459,1459,1459,1459,,0.0,0.0,2,-2,2026-06-24,2,False,,,,
,Potenza L.,,1537,1535,1536,1537,,0.75,0.75,4,1,2026-07-05,4,False,,,,
,Rocco L.,,1478,1478,1478,1478,,0.0,0.0,1,-1,2026-04-27,1,False,,,,
,Wunderlich T.,,1522,1522,1522,1522,,1.0,1.0,1,1,2026-04-27,1,False,,,,
,Candelas Ruiz R.,,1478,1478,1478,1478,,0.0,0.0,1,-1,2026-04-27,1,False,,,,
,Nijboer R.,,1494,1494,1494,1494,,0.5,0.5,2,1,2026-07-13,2,False,,,,
,Staeheli L.,,1475,1475,1475,1475,,0.0,0.0,1,-1,2026-04-27,1,False,,,,
,Jade D.,,1492,1492,1492,1492,,0.5,0.5,2,1,2026-05-26,2,False,,,,
,Alopaeus F.,,1522,1522,1522,1522,,1.0,1.0,1,1,2026-04-28,1,False,,,,
,Jaisinghani R.,,1478,1478,1478,1478,,0.0,0.0,1,-1,2026-04-28,1,False,,,,
,Barrientos N.,,1479,1479,1479,1479,,0.0,0.0,1,-1,2026-04-28,1,False,,,,
,Pignaton L.,,1457,1457,1457,1457,,0.0,0.0,2,-2,2026-05-12,2,False,,,,
,Faurel T.,,1469,1472,1467,1469,,0.25,0.25,4,-3,2026-07-13,4,False,,,,
,Donald M.,,1499,1499,1499,1499,,0.5,0.5,2,-1,2026-05-29,2,False,,,,
,Duda A.,,1519,1519,1519,1519,,1.0,1.0,1,1,2026-04-29,1,False,,,,
,Juuhl Sivertsen S.,,1560,1560,1560,1560,,1.0,1.0,3,3,2026-05-29,3,False,,,,
,Ouvidor B.,,1478,1478,1478,1478,,0.0,0.0,1,-1,2026-04-29,1,False,,,,
,Chelia B.,,1479,1479,1479,1479,,0.0,0.0,1,-1,2026-04-30,1,False,,,,
,Vos M.,,1480,1480,1480,1480,,0.0,0.0,1,-1,2026-04-30,1,False,,,,
,Quesada Perez T.,,1479,1479,1479,1479,,0.0,0.0,1,-1,2026-05-01,1,False,,,,
,Roggi T.,,1522,1522,1522,1522,,1.0,1.0,1,1,2026-05-02,1,False,,,,
,Jank K.,,1478,1478,1478,1478,,0.0,0.0,1,-1,2026-05-02,1,False,,,,
,Satara H.,,1476,1476,1476,1476,,0.0,0.0,1,-1,2026-05-02,1,False,,,,
,Juszczak D.,,1522,1522,1522,1522,,1.0,1.0,1,1,2026-05-02,1,False,,,,
,Bouwman B.,,1478,1478,1478,1478,,0.0,0.0,1,-1,2026-05-02,1,False,,,,
,Nima D.,,1522,1522,1522,1522,,1.0,1.0,1,1,2026-05-02,1,False,,,,
,Guo H.,,1478,1478,1478,1478,,0.0,0.0,1,-1,2026-05-02,1,False,,,,
,Kayombo G.,,1501,1501,1501,1501,,0.5,0.5,2,-1,2026-05-04,2,False,,,,
,Vilmaure G.,,1478,1478,1478,1478,,0.0,0.0,1,-1,2026-05-03,1,False,,,,
,Ciurnelli R.,,1521,1521,1521,1521,,1.0,1.0,1,1,2026-05-03,1,False,,,,
,Garcia Gomez H.,,1522,1522,1522,1522,,1.0,1.0,1,1,2026-05-03,1,False,,,,
,Prata N.,,1478,1478,1478,1478,,0.0,0.0,1,-1,2026-05-03,1,False,,,,
,Sun Q.,,1476,1476,1476,1476,,0.0,0.0,1,-1,2026-05-03,1,False,,,,
,Te R.,,1475,1475,1475,1475,,0.0,0.0,1,-1,2026-05-04,1,False,,,,
,Scomparin P.,,1478,1478,1478,1478,,0.0,0.0,1,-1,2026-05-04,1,False,,,,
,Larosa L.,,1522,1522,1522,1522,,1.0,1.0,1,1,2026-05-04,1,False,,,,
,Ren H.,,1518,1518,1518,1518,,0.667,0.667,3,2,2026-06-19,3,False,,,,
,Aggarwal P.,,1524,1524,1524,1524,,1.0,1.0,1,1,2026-05-04,1,False,,,,
,Gueymard Wayenburg S.,,1457,1457,1457,1457,,0.0,0.0,2,-2,2026-05-10,2,False,,,,
,Carvalho Rocha A.,,1479,1479,1479,1479,,0.0,0.0,1,-1,2026-05-04,1,False,,,,
,Schenekenberg G.,,1502,1502,1502,1502,,0.5,0.5,2,-1,2026-05-05,2,False,,,,
,Scramin do Lago J.,,1478,1478,1478,1478,,0.0,0.0,1,-1,2026-05-04,1,False,,,,
,Castelnuovo L.,,1518,1518,1518,1518,,0.667,0.667,3,-1,2026-06-22,3,False,,,,
,Santillan A.,,1513,1514,1513,1513,,0.6,0.6,5,1,2026-07-13,5,False,,,,
,Dickerson R.,,1519,1520,1518,1519,,0.667,0.667,3,-1,2026-05-13,3,False,,,,
,Balakrishnan A.,,1424,1424,1424,1424,,0.0,0.0,4,-4,2026-05-11,4,False,,,,
,Fernandez M.,,1476,1476,1476,1476,,0.0,0.0,1,-1,2026-05-05,1,False,,,,
,Truong T.,,1465,1465,1465,1465,,0.25,0.25,4,-3,2026-07-07,4,False,,,,
,Paszkiewicz A.,,1478,1478,1478,1478,,0.0,0.0,1,-1,2026-05-05,1,False,,,,
,Segura M.,,1521,1521,1521,1521,,1.0,1.0,1,1,2026-05-05,1,False,,,,
,Meneo T.,,1501,1501,1501,1501,,0.5,0.5,2,-1,2026-06-01,2,False,,,,
,Benitez V.,,1478,1478,1478,1478,,0.0,0.0,1,-1,2026-05-06,1,False,,,,
,Beale J.,,1521,1521,1521,1521,,1.0,1.0,1,1,2026-05-06,1,False,,,,
,Angus G.,,1501,1501,1501,1501,,0.5,0.5,6,-1,2026-07-11,6,False,,,,
,Krasner D.,,1478,1478,1478,1478,,0.0,0.0,1,-1,2026-05-06,1,False,,,,
,Mouret H.,,1482,1482,1482,1482,,0.333,0.333,3,-1,2026-05-09,3,False,,,,
,Chepik A.,,1554,1554,1554,1554,,1.0,1.0,3,3,2026-05-14,3,False,,,,
,Valsamis E.,,1522,1522,1522,1522,,1.0,1.0,1,1,2026-05-08,1,False,,,,
,Nield M.,,1478,1478,1478,1478,,0.0,0.0,1,-1,2026-05-08,1,False,,,,
,Tauma N.,,1476,1476,1476,1476,,0.0,0.0,1,-1,2026-05-08,1,False,,,,
,Crowther C.,,1520,1520,1520,1520,,1.0,1.0,1,1,2026-05-08,1,False,,,,
,Rochat M.,,1522,1522,1522,1522,,1.0,1.0,1,1,2026-05-09,1,False,,,,
,Mariani R.,,1478,1478,1478,1478,,0.0,0.0,1,-1,2026-05-09,1,False,,,,
,Almeida J.,,1524,1524,1524,1524,,1.0,1.0,1,1,2026-05-09,1,False,,,,
,Guerrero Alvarez C.,,1543,1543,1543,1543,,1.0,1.0,2,2,2026-05-10,2,False,,,,
,Casanova H.,,1500,1503,1499,1500,,0.5,0.5,8,1,2026-07-09,8,False,,,,
,Van Der Merwe W.,,1519,1519,1519,1519,,1.0,1.0,1,1,2026-05-10,1,False,,,,
,Cripps L.,,1480,1480,1480,1480,,0.0,0.0,1,-1,2026-05-10,1,False,,,,
,Kaliyanda Poonacha N.,,1474,1474,1474,1474,,0.0,0.0,1,-1,2026-05-10,1,False,,,,
,Zanellato N.,,1501,1501,1501,1501,,0.5,0.5,2,-1,2026-05-11,2,False,,,,
,Zeitune G.,,1478,1478,1478,1478,,0.0,0.0,1,-1,2026-05-10,1,False,,,,
,Qariaqus D.,,1522,1522,1522,1522,,1.0,1.0,1,1,2026-05-10,1,False,,,,
,Chen S.,,1478,1478,1478,1478,,0.0,0.0,1,-1,2026-05-10,1,False,,,,
,Zheng M.,,1471,1472,1471,1472,,0.0,0.0,2,-2,2026-07-03,2,False,,,,
,Simundza J.,,1524,1524,1524,1524,,1.0,1.0,1,1,2026-05-11,1,False,,,,
,Javia D.,,1459,1459,1459,1459,,0.0,0.0,2,-2,2026-05-18,2,False,,,,
,Baker N.,,1536,1536,1536,1536,,1.0,1.0,2,2,2026-05-25,2,False,,,,
,Stice T.,,1522,1522,1522,1522,,1.0,1.0,1,1,2026-05-11,1,False,,,,
,McLennaghan W.,,1478,1478,1478,1478,,0.0,0.0,1,-1,2026-05-11,1,False,,,,
,Yamanaka T.,,1522,1522,1522,1522,,1.0,1.0,1,1,2026-05-11,1,False,,,,
,Masabayashi T.,,1478,1478,1478,1478,,0.0,0.0,1,-1,2026-05-11,1,False,,,,
,Monzon I.,,1502,1501,1503,1502,,0.5,0.5,2,-1,2026-07-03,2,False,,,,
,Spiering M.,,1522,1522,1522,1522,,1.0,1.0,1,1,2026-05-11,1,False,,,,
,Vrbensky M.,,1440,1440,1440,1440,,0.0,0.0,3,-3,2026-06-28,3,False,,,,
,Lopez Montagud C.,,1476,1476,1476,1476,,0.0,0.0,1,-1,2026-05-11,1,False,,,,
,Zapata Miralles B.,,1483,1483,1483,1483,,0.0,0.0,1,-1,2026-05-12,1,False,,,,
,Papa C.,,1522,1522,1522,1522,,1.0,1.0,1,1,2026-05-12,1,False,,,,
,Matsuda R.,,1478,1478,1478,1478,,0.0,0.0,1,-1,2026-05-12,1,False,,,,
,Colby R.,,1523,1523,1523,1523,,0.6,0.6,5,1,2026-07-07,5,False,,,,
,De Pellegrin V.,,1501,1501,1501,1501,,0.5,0.5,2,-1,2026-05-25,2,False,,,,
,Wensley S.,,1518,1518,1518,1518,,0.667,0.667,3,2,2026-05-15,3,False,,,,
,McCall D.,,1502,1502,1502,1502,,0.5,0.5,2,-1,2026-05-16,2,False,,,,
,Lee E.,,1478,1478,1478,1478,,0.0,0.0,1,-1,2026-05-12,1,False,,,,
,Mackinlay J.,,1522,1522,1522,1522,,1.0,1.0,1,1,2026-05-12,1,False,,,,
,Cowley R.,,1459,1459,1459,1459,,0.0,0.0,2,-2,2026-05-14,2,False,,,,
,Karra T.,,1537,1537,1537,1537,,1.0,1.0,2,2,2026-05-15,2,False,,,,
,Maldonado M.,,1521,1521,1521,1521,,1.0,1.0,1,1,2026-05-12,1,False,,,,
,Mikrut L.,,1536,1535,1536,1536,,0.75,0.75,4,-1,2026-06-07,4,False,,,,
,Tyagi K.,,1519,1519,1519,1519,,0.667,0.667,3,-1,2026-05-15,3,False,,,,
,Kawahashi Y.,,1478,1478,1478,1478,,0.0,0.0,1,-1,2026-05-13,1,False,,,,
,Ehrenschneider N.,,1522,1522,1522,1522,,1.0,1.0,1,1,2026-05-13,1,False,,,,
,Figl M.,,1478,1478,1478,1478,,0.0,0.0,1,-1,2026-05-13,1,False,,,,
,Fellows J.,,1569,1569,1569,1569,,1.0,1.0,4,4,2026-06-13,4,False,,,,
,Fardanesh M.,,1499,1499,1499,1499,,0.5,0.5,2,1,2026-06-07,2,False,,,,
,Pudney T.,,1522,1522,1522,1522,,1.0,1.0,1,1,2026-05-13,1,False,,,,
,Finlay Watters F.,,1478,1478,1478,1478,,0.0,0.0,1,-1,2026-05-13,1,False,,,,
,Ho C.,,1522,1522,1522,1522,,1.0,1.0,1,1,2026-05-13,1,False,,,,
,Nain J.,,1478,1478,1478,1478,,0.0,0.0,1,-1,2026-05-13,1,False,,,,
,Brunclik P.,,1492,1493,1492,1492,,0.5,0.5,2,1,2026-06-15,2,False,,,,
,Hardt N.,,1605,1605,1605,1605,,1.0,1.0,6,6,2026-06-20,6,False,,,,
,Berger B.,,1479,1479,1479,1479,,0.0,0.0,1,-1,2026-05-14,1,False,,,,
,Leeman D.,,1496,1496,1496,1496,,0.5,0.5,2,-1,2026-06-14,2,False,,,,
,Popa R.,,1445,1445,1445,1445,,0.0,0.0,3,-3,2026-05-17,3,False,,,,
,Clark M.,,1480,1480,1480,1480,,0.0,0.0,1,-1,2026-05-15,1,False,,,,
,Flynn C.,,1501,1501,1501,1501,,0.5,0.5,2,-1,2026-05-16,2,False,,,,
,Frechet A.,,1478,1478,1478,1478,,0.0,0.0,1,-1,2026-05-15,1,False,,,,
,Ganesan A.,,1479,1479,1479,1479,,0.0,0.0,1,-1,2026-05-16,1,False,,,,
,Simmen J.,,1522,1522,1522,1522,,1.0,1.0,1,1,2026-05-16,1,False,,,,
,Bergomi A.,,1478,1478,1478,1478,,0.0,0.0,1,-1,2026-05-16,1,False,,,,
,Price Pelaez S.,,1479,1479,1479,1479,,0.0,0.0,1,-1,2026-05-16,1,False,,,,
,Hignett L.,,1543,1543,1543,1543,,1.0,1.0,2,2,2026-05-17,2,False,,,,
,Dickson B.,,1518,1518,1518,1518,,1.0,1.0,1,1,2026-05-16,1,False,,,,
,Zhang Y.,,1522,1522,1522,1522,,1.0,1.0,1,1,2026-05-16,1,False,,,,
,Jin Z.,,1478,1478,1478,1478,,0.0,0.0,1,-1,2026-05-16,1,False,,,,
,Giesen J.,,1480,1480,1480,1480,,0.0,0.0,1,-1,2026-05-17,1,False,,,,
,Cigna N.,,1479,1479,1479,1479,,0.0,0.0,1,-1,2026-05-17,1,False,,,,
,Prakash V.,,1520,1520,1520,1520,,1.0,1.0,1,1,2026-05-17,1,False,,,,
,Senthil Kumar R.,,1475,1475,1475,1475,,0.0,0.0,1,-1,2026-05-17,1,False,,,,
,Oradini G.,,1522,1522,1522,1522,,1.0,1.0,1,1,2026-05-17,1,False,,,,
,Zou M.,,1479,1479,1479,1479,,0.0,0.0,1,-1,2026-05-17,1,False,,,,
,Braynin A.,,1478,1478,1478,1478,,0.0,0.0,1,-1,2026-05-17,1,False,,,,
,Karlovskiy E.,,1479,1479,1479,1479,,0.0,0.0,1,-1,2026-05-18,1,False,,,,
,Jessup G.,,1478,1478,1478,1478,,0.0,0.0,1,-1,2026-05-18,1,False,,,,
,Etty E.,,1476,1476,1476,1476,,0.0,0.0,1,-1,2026-05-18,1,False,,,,
,Nishiwaki K.,,1522,1522,1522,1522,,1.0,1.0,1,1,2026-05-18,1,False,,,,
,Rodi C.,,1463,1463,1463,1463,,0.25,0.25,4,-2,2026-07-15,4,False,,,,
,Hoeyeraal H.,,1503,1503,1503,1503,,0.5,0.5,2,-1,2026-05-23,2,False,,,,
,Garla F.,,1478,1478,1478,1478,,0.0,0.0,1,-1,2026-05-18,1,False,,,,
,Gaillard M.,,1476,1476,1476,1476,,0.0,0.0,1,-1,2026-05-19,1,False,,,,
,Simkin N.,,1476,1476,1476,1476,,0.0,0.0,1,-1,2026-05-19,1,False,,,,
,Huysmans A.,,1522,1522,1522,1522,,1.0,1.0,1,1,2026-05-19,1,False,,,,
,Van Sambeek F.,,1478,1478,1478,1478,,0.0,0.0,1,-1,2026-05-19,1,False,,,,
,Kojima R.,,1456,1456,1456,1456,,0.0,0.0,2,-2,2026-05-20,2,False,,,,
,Dullinger V.,,1522,1522,1522,1522,,1.0,1.0,1,1,2026-05-19,1,False,,,,
,Bodnarchuk P.,,1478,1478,1478,1478,,0.0,0.0,1,-1,2026-05-19,1,False,,,,
,Vithoontien L.,,1476,1476,1476,1476,,0.0,0.0,1,-1,2026-05-20,1,False,,,,
,Karma N.,,1480,1480,1480,1480,,0.0,0.0,1,-1,2026-05-20,1,False,,,,
,Mruzek S.,,1501,1501,1501,1501,,0.5,0.5,2,1,2026-07-05,2,False,,,,
,Skripaev A.,,1460,1460,1460,1460,,0.0,0.0,2,-2,2026-05-24,2,False,,,,
,Watzka R.,,1503,1503,1503,1503,,0.5,0.5,2,-1,2026-05-22,2,False,,,,
,Garcia Paez L.,,1478,1478,1478,1478,,0.0,0.0,1,-1,2026-05-21,1,False,,,,
,Kalina V.,,1480,1480,1480,1480,,0.0,0.0,1,-1,2026-05-21,1,False,,,,
,Glomb A.,,1476,1476,1476,1476,,0.0,0.0,1,-1,2026-05-21,1,False,,,,
,Goldammer T.,,1522,1522,1522,1522,,1.0,1.0,1,1,2026-05-22,1,False,,,,
,Jirousek T.,,1501,1501,1501,1501,,0.5,0.5,2,1,2026-05-29,2,False,,,,
,Pinter P.,,1480,1480,1480,1480,,0.0,0.0,1,-1,2026-05-23,1,False,,,,
,Swenson B.,,1522,1522,1522,1522,,1.0,1.0,1,1,2026-05-23,1,False,,,,
,Eliscu A.,,1478,1478,1478,1478,,0.0,0.0,1,-1,2026-05-23,1,False,,,,
,McCollum F.,,1476,1476,1476,1476,,0.0,0.0,1,-1,2026-05-24,1,False,,,,
,Steveker P.,,1521,1521,1521,1521,,1.0,1.0,1,1,2026-05-24,1,False,,,,
,Host T.,,1472,1472,1472,1472,,0.0,0.0,1,-1,2026-05-24,1,False,,,,
,Matuszewski P.,,1477,1477,1477,1477,,0.0,0.0,1,-1,2026-05-24,1,False,,,,
,Xia Y.,,1541,1541,1541,1541,,1.0,1.0,2,2,2026-06-07,2,False,,,,
,Dai S.,,1478,1478,1478,1478,,0.0,0.0,1,-1,2026-05-24,1,False,,,,
,Makk P.,,1486,1488,1486,1486,,0.333,0.333,3,-2,2026-07-15,3,False,,,,
,Poljak D.,,1478,1478,1478,1478,,0.0,0.0,1,-1,2026-05-24,1,False,,,,
,Pokorny L.,,1477,1477,1477,1477,,0.333,0.333,3,-2,2026-06-01,3,False,,,,
,Malige M.,,1501,1502,1500,1501,,0.5,0.5,2,-1,2026-06-07,2,False,,,,
,Delage P.,,1478,1478,1478,1478,,0.0,0.0,1,-1,2026-05-25,1,False,,,,
,Schmidt G.,,1541,1541,1541,1541,,1.0,1.0,2,2,2026-06-27,2,False,,,,
,Hemetzberger J.,,1478,1478,1478,1478,,0.0,0.0,1,-1,2026-05-25,1,False,,,,
,Edengren K.,,1521,1521,1521,1521,,1.0,1.0,1,1,2026-05-25,1,False,,,,
,Barreto Sanchez D.,,1522,1522,1522,1522,,1.0,1.0,1,1,2026-05-25,1,False,,,,
,Cekirge K.,,1478,1478,1478,1478,,0.0,0.0,1,-1,2026-05-25,1,False,,,,
,Duran T.,,1474,1474,1474,1474,,0.0,0.0,1,-1,2026-05-25,1,False,,,,
,Latinovic S.,,1522,1522,1522,1522,,1.0,1.0,1,1,2026-05-25,1,False,,,,
,Lammons N.,,1478,1478,1478,1478,,0.0,0.0,1,-1,2026-05-25,1,False,,,,
,Zeuch T.,,1522,1522,1522,1522,,1.0,1.0,1,1,2026-05-25,1,False,,,,
,Zapp E.,,1478,1478,1478,1478,,0.0,0.0,1,-1,2026-05-25,1,False,,,,
,Wiedenmann L.,,1522,1522,1522,1522,,0.667,0.667,3,2,2026-07-10,3,False,,,,
,Vujic S.,,1477,1477,1477,1477,,0.0,0.0,1,-1,2026-05-26,1,False,,,,
,Krajci M.,,1474,1474,1474,1474,,0.0,0.0,1,-1,2026-05-26,1,False,,,,
,Gamble J.,,1499,1499,1499,1499,,0.5,0.5,2,-1,2026-05-29,2,False,,,,
,Balthazor N.,,1425,1425,1425,1425,,0.0,0.0,4,-4,2026-06-14,4,False,,,,
,Badenhorst D.,,1479,1479,1479,1479,,0.0,0.0,1,-1,2026-05-27,1,False,,,,
,Boparai M.,,1521,1521,1521,1521,,1.0,1.0,1,1,2026-05-27,1,False,,,,
,Tresca G.,,1524,1524,1524,1524,,1.0,1.0,1,1,2026-05-27,1,False,,,,
,Reco A.,,1461,1461,1461,1461,,0.0,0.0,2,-2,2026-06-22,2,False,,,,
,Kamyshev S.,,1522,1522,1522,1522,,1.0,1.0,1,1,2026-05-28,1,False,,,,
,Morgan R.,,1478,1478,1478,1478,,0.0,0.0,1,-1,2026-05-28,1,False,,,,
,Matovic N.,,1522,1522,1522,1522,,1.0,1.0,1,1,2026-05-28,1,False,,,,
,Keremedchiev N.,,1478,1478,1478,1478,,0.0,0.0,1,-1,2026-05-28,1,False,,,,
,Winter E.,,1504,1504,1504,1504,,0.5,0.5,4,-1,2026-07-05,4,False,,,,
,Schroll P.,,1522,1522,1522,1522,,1.0,1.0,1,1,2026-05-30,1,False,,,,
,Keck J.,,1499,1499,1499,1499,,0.5,0.5,2,1,2026-06-04,2,False,,,,
,Fonio G.,,1521,1521,1521,1521,,1.0,1.0,1,1,2026-05-30,1,False,,,,
,Bigun K.,,1522,1522,1522,1522,,1.0,1.0,1,1,2026-05-30,1,False,,,,
,Marionneau L.,,1478,1478,1478,1478,,0.0,0.0,1,-1,2026-05-30,1,False,,,,
,Hoffmann N.,,1522,1522,1522,1522,,1.0,1.0,1,1,2026-05-30,1,False,,,,
,Patil R.,,1478,1478,1478,1478,,0.0,0.0,1,-1,2026-05-30,1,False,,,,
,Machado M.,,1541,1541,1541,1541,,1.0,1.0,2,2,2026-05-31,2,False,,,,
,Martin Melo A.,,1478,1478,1478,1478,,0.0,0.0,1,-1,2026-05-30,1,False,,,,
,Bogajo F.,,1522,1522,1522,1522,,1.0,1.0,1,1,2026-05-30,1,False,,,,
,Dorokhov I.,,1478,1478,1478,1478,,0.0,0.0,1,-1,2026-05-30,1,False,,,,
,Puig McCallan K.,,1479,1479,1479,1479,,0.0,0.0,1,-1,2026-05-31,1,False,,,,
,Brady P.,,1458,1459,1458,1459,,0.0,0.0,2,-2,2026-07-08,2,False,,,,
,Nawa M.,,1476,1476,1476,1476,,0.0,0.0,1,-1,2026-05-31,1,False,,,,
,Linley T.,,1476,1476,1476,1476,,0.0,0.0,1,-1,2026-05-31,1,False,,,,
,Ingildsen J.,,1477,1477,1477,1477,,0.0,0.0,1,-1,2026-05-31,1,False,,,,
,Kim A.,,1482,1482,1482,1482,,0.333,0.333,3,-2,2026-07-12,3,False,,,,
,Koenig L.,,1480,1480,1480,1480,,0.0,0.0,1,-1,2026-06-01,1,False,,,,
,Izquierdo Luque R.,,1522,1522,1522,1522,,1.0,1.0,1,1,2026-06-01,1,False,,,,
,Beraldo L.,,1478,1478,1478,1478,,0.0,0.0,1,-1,2026-06-01,1,False,,,,
,Skrobarcek L.,,1501,1501,1501,1501,,0.5,0.5,2,-1,2026-07-07,2,False,,,,
,Thompson W.,,1478,1478,1478,1478,,0.0,0.0,1,-1,2026-06-01,1,False,,,,
,Fukuhara S.,,1474,1474,1474,1474,,0.333,0.333,3,1,2026-06-05,3,False,,,,
,Longwe-Smit T.,,1473,1473,1473,1473,,0.0,0.0,1,-1,2026-06-01,1,False,,,,
,Bojicic Ono L.,,1524,1524,1524,1524,,1.0,1.0,1,1,2026-06-01,1,False,,,,
,Kestelboim M.,,1481,1481,1481,1481,,0.0,0.0,1,-1,2026-06-01,1,False,,,,
,Friend J.,,1534,1534,1534,1534,,0.75,0.75,4,3,2026-07-10,4,False,,,,
,Ardila L.,,1521,1521,1521,1521,,0.667,0.667,3,1,2026-07-09,3,False,,,,
,Palan D.,,1474,1474,1474,1474,,0.0,0.0,1,-1,2026-06-02,1,False,,,,
,Sabaliauskas A.,,1558,1558,1558,1558,,1.0,1.0,3,3,2026-07-14,3,False,,,,
,Wells C.,,1478,1478,1478,1478,,0.0,0.0,1,-1,2026-06-02,1,False,,,,
,Popa D.,,1521,1521,1521,1521,,1.0,1.0,1,1,2026-06-02,1,False,,,,
,Schoenhaus M.,,1457,1457,1457,1457,,0.0,0.0,2,-2,2026-07-15,2,False,,,,
,Montsi K.,,1521,1521,1521,1521,,1.0,1.0,1,1,2026-06-03,1,False,,,,
,Spurling N.,,1479,1479,1479,1479,,0.0,0.0,1,-1,2026-06-03,1,False,,,,
,Legout T.,,1483,1483,1483,1483,,0.4,0.4,5,-2,2026-07-11,5,False,,,,
,Hockl V.,,1476,1476,1476,1476,,0.0,0.0,1,-1,2026-06-04,1,False,,,,
,Talan Lopatic L.,,1522,1522,1522,1522,,1.0,1.0,1,1,2026-06-04,1,False,,,,
,Altur Fernandez A.,,1522,1522,1522,1522,,1.0,1.0,1,1,2026-06-04,1,False,,,,
,Hewitt J.,,1499,1499,1499,1499,,0.5,0.5,2,1,2026-06-05,2,False,,,,
,Sakamoto H.,,1522,1522,1522,1522,,1.0,1.0,1,1,2026-06-04,1,False,,,,
,Nakanishi K.,,1456,1456,1456,1456,,0.0,0.0,2,-2,2026-06-05,2,False,,,,
,Coulibaly E.,,1439,1439,1439,1439,,0.0,0.0,3,-3,2026-07-03,3,False,,,,
,Tabacco G.,,1498,1497,1499,1498,,0.5,0.5,2,1,2026-07-13,2,False,,,,
,Valle-Saenz S.,,1476,1476,1476,1476,,0.0,0.0,1,-1,2026-06-05,1,False,,,,
,Oliveira N.,,1504,1504,1504,1504,,0.5,0.5,2,1,2026-06-22,2,False,,,,
,Behrmann T.,,1522,1522,1522,1522,,1.0,1.0,1,1,2026-06-06,1,False,,,,
,Lemstra K.,,1478,1478,1478,1478,,0.0,0.0,1,-1,2026-06-06,1,False,,,,
,Lenders J.,,1522,1522,1522,1522,,1.0,1.0,1,1,2026-06-06,1,False,,,,
,Smilansky I.,,1478,1478,1478,1478,,0.0,0.0,1,-1,2026-06-06,1,False,,,,
,Bonding O.,,1519,1519,1519,1519,,1.0,1.0,1,1,2026-06-06,1,False,,,,
,Duong D.,,1522,1522,1522,1522,,1.0,1.0,1,1,2026-06-06,1,False,,,,
,Sparks B.,,1453,1453,1453,1453,,0.0,0.0,2,-2,2026-06-11,2,False,,,,
,Abrorov I.,,1522,1522,1522,1522,,1.0,1.0,1,1,2026-06-06,1,False,,,,
,Wang O.,,1478,1478,1478,1478,,0.0,0.0,1,-1,2026-06-06,1,False,,,,
,Donski A.,,1500,1501,1500,1500,,0.5,0.5,2,1,2026-07-06,2,False,,,,
,Yang R.,,1495,1495,1495,1495,,0.5,0.5,2,1,2026-06-12,2,False,,,,
,Alvarez Varona N.,,1520,1520,1520,1520,,1.0,1.0,1,1,2026-06-07,1,False,,,,
,Li Y.,,1479,1479,1479,1479,,0.0,0.0,1,-1,2026-06-07,1,False,,,,
,Jong S.,,1472,1472,1472,1472,,0.0,0.0,1,-1,2026-06-07,1,False,,,,
,Martinez T.,,1521,1521,1521,1521,,0.667,0.667,3,1,2026-06-29,3,False,,,,
,Libre A.,,1478,1478,1478,1478,,0.0,0.0,1,-1,2026-06-07,1,False,,,,
,Verlaguet A.,,1522,1522,1522,1522,,1.0,1.0,1,1,2026-06-08,1,False,,,,
,Miton M.,,1499,1499,1499,1499,,0.5,0.5,2,1,2026-06-22,2,False,,,,
,Rico Arias N.,,1521,1521,1521,1521,,1.0,1.0,1,1,2026-06-08,1,False,,,,
,Kaouk M.,,1479,1479,1479,1479,,0.0,0.0,1,-1,2026-06-09,1,False,,,,
,Baris O.,,1575,1575,1575,1575,,1.0,1.0,4,4,2026-06-29,4,False,,,,
,Renfrow N.,,1522,1522,1522,1522,,1.0,1.0,1,1,2026-06-09,1,False,,,,
,Valdez Guzón J.,,1524,1524,1524,1524,,1.0,1.0,1,1,2026-06-09,1,False,,,,
,Pocasangre P.,,1480,1480,1480,1480,,0.0,0.0,1,-1,2026-06-09,1,False,,,,
,Stepanov T.,,1522,1522,1522,1522,,1.0,1.0,1,1,2026-06-09,1,False,,,,
,Dayal N.,,1478,1478,1478,1478,,0.0,0.0,1,-1,2026-06-09,1,False,,,,
,Boosarawongse T.,,1500,1500,1500,1500,,0.5,0.5,2,-1,2026-06-11,2,False,,,,
,Iantosca N.,,1479,1479,1479,1479,,0.0,0.0,1,-1,2026-06-10,1,False,,,,
,Dembo J.,,1479,1479,1479,1479,,0.0,0.0,1,-1,2026-06-10,1,False,,,,
,Ivanovski K.,,1522,1523,1522,1522,,1.0,1.0,1,1,2026-06-10,1,False,,,,
,Ferri L.,,1481,1481,1481,1481,,0.0,0.0,1,-1,2026-06-10,1,False,,,,
,Collarini A.,,1476,1476,1476,1476,,0.0,0.0,1,-1,2026-06-11,1,False,,,,
,Kountourakis I.,,1545,1545,1545,1545,,1.0,1.0,2,2,2026-06-14,2,False,,,,
,Shyovitz E.,,1478,1478,1478,1478,,0.0,0.0,1,-1,2026-06-11,1,False,,,,
,Claverie L.,,1522,1522,1522,1522,,1.0,1.0,1,1,2026-06-11,1,False,,,,
,Mesarovic M.,,1478,1478,1478,1478,,0.0,0.0,1,-1,2026-06-11,1,False,,,,
,Gorzny S.,,1484,1484,1484,1484,,0.333,0.333,3,-2,2026-07-09,3,False,,,,
,Miyoshi K.,,1504,1504,1504,1504,,0.5,0.5,4,2,2026-07-13,4,False,,,,
,Nouchakis G.,,1522,1522,1522,1522,,1.0,1.0,1,1,2026-06-12,1,False,,,,
,Azar D.,,1470,1470,1470,1470,,0.0,0.0,1,-1,2026-06-12,1,False,,,,
,Sedletzky M.,,1522,1522,1522,1522,,1.0,1.0,1,1,2026-06-13,1,False,,,,
,Obermair F.,,1478,1478,1478,1478,,0.0,0.0,1,-1,2026-06-13,1,False,,,,
,Johnson S.,,1501,1501,1501,1501,,0.5,0.5,2,1,2026-07-16,2,False,,,,
,Day J.,,1481,1481,1481,1481,,0.0,0.0,1,-1,2026-06-13,1,False,,,,
,Rodriguez Rodriguez J.,,1478,1478,1478,1478,,0.0,0.0,1,-1,2026-06-14,1,False,,,,
,Winstead C.,,1522,1522,1522,1522,,1.0,1.0,1,1,2026-06-14,1,False,,,,
,Gore N.,,1478,1478,1478,1478,,0.0,0.0,1,-1,2026-06-14,1,False,,,,
,Lin J.,,1478,1478,1478,1478,,0.0,0.0,1,-1,2026-06-14,1,False,,,,
,Tombolini L.,,1476,1476,1476,1476,,0.0,0.0,1,-1,2026-06-14,1,False,,,,
,Zakaryia F.,,1479,1479,1479,1479,,0.0,0.0,1,-1,2026-06-14,1,False,,,,
,Coudret J.,,1476,1476,1476,1476,,0.0,0.0,1,-1,2026-06-14,1,False,,,,
,Gomez J.,,1527,1527,1527,1527,,1.0,1.0,1,1,2026-06-15,1,False,,,,
,Malgaroli L.,,1502,1502,1502,1502,,0.5,0.5,2,1,2026-06-21,2,False,,,,
,Volonski N.,,1522,1522,1522,1522,,1.0,1.0,1,1,2026-06-15,1,False,,,,
,Hahn J.,,1478,1478,1478,1478,,0.0,0.0,1,-1,2026-06-15,1,False,,,,
,Sec S.,,1502,1502,1502,1502,,0.5,0.5,2,-1,2026-07-05,2,False,,,,
,Mroz M.,,1478,1478,1478,1478,,0.0,0.0,1,-1,2026-06-15,1,False,,,,
,Verwerft L.,,1522,1522,1522,1522,,1.0,1.0,1,1,2026-06-15,1,False,,,,
,Markovits M.,,1461,1461,1461,1461,,0.0,0.0,2,-2,2026-06-22,2,False,,,,
,Tusa R.,,1476,1476,1476,1476,,0.0,0.0,1,-1,2026-06-15,1,False,,,,
,Paul J.,,1479,1479,1479,1479,,0.0,0.0,1,-1,2026-06-15,1,False,,,,
,Chan D.,,1505,1505,1505,1505,,0.5,0.5,2,-1,2026-07-16,2,False,,,,
,Despoja A.,,1477,1477,1477,1477,,0.0,0.0,1,-1,2026-06-16,1,False,,,,
,Saltz C.,,1475,1475,1475,1475,,0.0,0.0,1,-1,2026-06-16,1,False,,,,
,Machado T.,,1522,1522,1522,1522,,1.0,1.0,1,1,2026-06-16,1,False,,,,
,Harrison S.,,1457,1457,1457,1457,,0.0,0.0,2,-2,2026-06-20,2,False,,,,
,Avanesyan M.,,1522,1522,1522,1522,,1.0,1.0,1,1,2026-06-16,1,False,,,,
,Cervos Noguer E.,,1478,1478,1478,1478,,0.0,0.0,1,-1,2026-06-16,1,False,,,,
,Tripathi A.,,1507,1507,1507,1507,,0.5,0.5,2,-1,2026-06-30,2,False,,,,
,Grumet G.,,1478,1478,1478,1478,,0.0,0.0,1,-1,2026-06-16,1,False,,,,
,Tosetto V.,,1477,1477,1477,1477,,0.0,0.0,1,-1,2026-06-17,1,False,,,,
,Goubin D.,,1479,1479,1479,1479,,0.0,0.0,1,-1,2026-06-17,1,False,,,,
,Swaine C.,,1539,1539,1539,1539,,1.0,1.0,2,2,2026-06-26,2,False,,,,
,Alberti F.,,1498,1498,1498,1498,,0.5,0.5,2,1,2026-06-20,2,False,,,,
,Sahtali T.,,1522,1522,1522,1522,,1.0,1.0,1,1,2026-06-17,1,False,,,,
,Shah K.,,1499,1499,1499,1499,,0.5,0.5,2,1,2026-06-19,2,False,,,,
,Raquillet L.,,1479,1479,1479,1479,,0.0,0.0,1,-1,2026-06-18,1,False,,,,
,Plavsic N.,,1522,1522,1522,1522,,1.0,1.0,1,1,2026-06-18,1,False,,,,
,Wiger Nordas B.,,1521,1521,1521,1521,,1.0,1.0,1,1,2026-06-18,1,False,,,,
,Poghosyan D.,,1522,1522,1522,1522,,1.0,1.0,1,1,2026-06-18,1,False,,,,
,Bonifacius R.,,1478,1478,1478,1478,,0.0,0.0,1,-1,2026-06-18,1,False,,,,
,Gaal C.,,1479,1479,1479,1479,,0.0,0.0,1,-1,2026-06-19,1,False,,,,
,Davison J.,,1460,1460,1460,1460,,0.0,0.0,2,-2,2026-07-05,2,False,,,,
,Penman C.,,1519,1519,1519,1519,,0.667,0.667,3,-1,2026-07-11,3,False,,,,
,Srbljak G.,,1478,1478,1478,1478,,0.0,0.0,1,-1,2026-06-19,1,False,,,,
,Asaba A.,,1494,1494,1494,1494,,0.5,0.5,2,1,2026-06-20,2,False,,,,
,Rolland De Ravel C.,,1462,1462,1462,1462,,0.0,0.0,2,-2,2026-06-29,2,False,,,,
,Young G.,,1501,1501,1501,1501,,0.5,0.5,2,-1,2026-06-21,2,False,,,,
,Traxler S.,,1522,1522,1522,1522,,1.0,1.0,1,1,2026-06-20,1,False,,,,
,Oswald P.,,1478,1478,1478,1478,,0.0,0.0,1,-1,2026-06-20,1,False,,,,
,Yang V.,,1477,1477,1477,1477,,0.0,0.0,1,-1,2026-06-20,1,False,,,,
,Espanca Ramos Maia M.,,1478,1478,1478,1478,,0.0,0.0,1,-1,2026-06-20,1,False,,,,
,Phillips S.,,1480,1480,1480,1480,,0.0,0.0,1,-1,2026-06-21,1,False,,,,
,Martishev V.,,1476,1476,1476,1476,,0.0,0.0,1,-1,2026-06-21,1,False,,,,
,Dragoni A.,,1476,1476,1476,1476,,0.0,0.0,1,-1,2026-06-21,1,False,,,,
,Sinha N.,,1519,1519,1519,1519,,1.0,1.0,1,1,2026-06-21,1,False,,,,
,Ionel N.,,1476,1476,1476,1476,,0.0,0.0,1,-1,2026-06-21,1,False,,,,
,Heck H.,,1522,1522,1522,1522,,1.0,1.0,1,1,2026-06-22,1,False,,,,
,Yamada S.,,1478,1478,1478,1478,,0.0,0.0,1,-1,2026-06-22,1,False,,,,
,Michocki P.,,1476,1476,1476,1476,,0.0,0.0,1,-1,2026-06-22,1,False,,,,
,Faucon R.,,1475,1475,1475,1475,,0.0,0.0,1,-1,2026-06-22,1,False,,,,
,Ponchet M.,,1477,1477,1477,1477,,0.0,0.0,1,-1,2026-06-23,1,False,,,,
,Baker C.,,1521,1521,1521,1521,,1.0,1.0,1,1,2026-06-23,1,False,,,,
,Simunovic D.,,1521,1521,1521,1521,,1.0,1.0,1,1,2026-06-23,1,False,,,,
,Chikami S.,,1522,1522,1522,1522,,1.0,1.0,1,1,2026-06-23,1,False,,,,
,Irwanto J.,,1459,1459,1459,1459,,0.0,0.0,2,-2,2026-07-13,2,False,,,,
,Sakagawa H.,,1522,1522,1522,1522,,1.0,1.0,1,1,2026-06-23,1,False,,,,
,Cox N.,,1478,1478,1478,1478,,0.0,0.0,1,-1,2026-06-23,1,False,,,,
,Sels J.,,1480,1480,1480,1480,,0.0,0.0,1,-1,2026-06-24,1,False,,,,
,Leote Prata V.,,1476,1476,1476,1476,,0.0,0.0,1,-1,2026-06-24,1,False,,,,
,Moreno A.,,1522,1522,1522,1522,,1.0,1.0,1,1,2026-06-24,1,False,,,,
,Avram G.,,1498,1498,1498,1498,,0.5,0.5,2,1,2026-07-08,2,False,,,,
,Tarrio Ponte A.,,1521,1521,1521,1521,,1.0,1.0,1,1,2026-06-24,1,False,,,,
,Fernandez B.,,1479,1479,1479,1479,,0.0,0.0,1,-1,2026-06-25,1,False,,,,
,Battle L.,,1459,1459,1459,1459,,0.0,0.0,2,-2,2026-07-08,2,False,,,,
,Breazu V.,,1522,1522,1522,1522,,1.0,1.0,1,1,2026-06-25,1,False,,,,
,Gubi T.,,1478,1478,1478,1478,,0.0,0.0,1,-1,2026-06-25,1,False,,,,
,Huens H.,,1477,1477,1477,1477,,0.0,0.0,1,-1,2026-06-26,1,False,,,,
,Bracks I.,,1521,1521,1521,1521,,1.0,1.0,1,1,2026-06-26,1,False,,,,
,Inchauspe P.,,1525,1525,1525,1525,,1.0,1.0,1,1,2026-06-27,1,False,,,,
,Melzer G.,,1479,1479,1479,1479,,0.0,0.0,1,-1,2026-06-27,1,False,,,,
,Rozin S.,,1501,1501,1501,1501,,0.5,0.5,2,-1,2026-07-14,2,False,,,,
,Satterfield J.,,1478,1478,1478,1478,,0.0,0.0,1,-1,2026-06-27,1,False,,,,
,Brunkow L.,,1541,1541,1541,1541,,1.0,1.0,2,2,2026-06-28,2,False,,,,
,Alex E.,,1478,1478,1478,1478,,0.0,0.0,1,-1,2026-06-27,1,False,,,,
,Bartakovics M.,,1522,1522,1522,1522,,1.0,1.0,1,1,2026-06-27,1,False,,,,
,Dietrich D.,,1499,1498,1500,1499,,0.5,0.5,2,1,2026-07-12,2,False,,,,
,Mazev M.,,1502,1502,1502,1502,,0.5,0.5,2,1,2026-07-10,2,False,,,,
,Vanderstappen Z.,,1522,1522,1522,1522,,1.0,1.0,1,1,2026-06-28,1,False,,,,
,Trainauskas J.,,1478,1478,1478,1478,,0.0,0.0,1,-1,2026-06-28,1,False,,,,
,Andrade Da Silva L.,,1554,1554,1554,1554,,1.0,1.0,3,3,2026-07-08,3,False,,,,
,Ruiz J.,,1478,1478,1478,1478,,0.0,0.0,1,-1,2026-06-28,1,False,,,,
,Lagutin P.,,1522,1522,1522,1522,,1.0,1.0,1,1,2026-06-28,1,False,,,,
,Kumstat J.,,1478,1478,1478,1478,,0.0,0.0,1,-1,2026-06-28,1,False,,,,
,Santamarta Roig A.,,1498,1498,1498,1498,,0.5,0.5,2,-1,2026-07-06,2,False,,,,
,Veliz A.,,1479,1479,1479,1479,,0.0,0.0,1,-1,2026-06-29,1,False,,,,
,Mastri A.,,1522,1522,1522,1522,,1.0,1.0,1,1,2026-06-29,1,False,,,,
,Frutos Alonso A.,,1478,1478,1478,1478,,0.0,0.0,1,-1,2026-06-29,1,False,,,,
,Vales V.,,1521,1521,1521,1521,,1.0,1.0,1,1,2026-06-29,1,False,,,,
,Prod'homme B.,,1479,1479,1479,1479,,0.0,0.0,1,-1,2026-06-29,1,False,,,,
,Echazu M.,,1478,1478,1478,1478,,0.0,0.0,1,-1,2026-06-29,1,False,,,,
,Papamalamis T.,,1478,1478,1478,1478,,0.0,0.0,1,-1,2026-06-29,1,False,,,,
,Ubri Y.,,1476,1476,1476,1476,,0.0,0.0,1,-1,2026-06-30,1,False,,,,
,Coats T.,,1502,1502,1502,1502,,0.5,0.5,2,-1,2026-07-03,2,False,,,,
,Alvarez Valdes L.,,1497,1497,1497,1497,,0.5,0.5,2,1,2026-07-06,2,False,,,,
,Andre S.,,1476,1476,1476,1476,,0.0,0.0,1,-1,2026-07-01,1,False,,,,
,Mekhael N.,,1522,1522,1522,1522,,1.0,1.0,1,1,2026-07-01,1,False,,,,
,Ryerson T.,,1459,1459,1459,1459,,0.0,0.0,2,-2,2026-07-02,2,False,,,,
,Valek O.,,1478,1478,1478,1478,,0.0,0.0,1,-1,2026-07-01,1,False,,,,
,Kriznik M.,,1522,1522,1522,1522,,1.0,1.0,1,1,2026-07-01,1,False,,,,
,Guajardo A.,,1478,1478,1478,1478,,0.0,0.0,1,-1,2026-07-01,1,False,,,,
,Goity Zapico S.,,1478,1478,1478,1478,,0.0,0.0,1,-1,2026-07-02,1,False,,,,
,Genier T.,,1475,1475,1475,1475,,0.0,0.0,1,-1,2026-07-02,1,False,,,,
,Kosseifi G.,,1521,1521,1521,1521,,1.0,1.0,1,1,2026-07-02,1,False,,,,
,Chodora R.,,1479,1479,1479,1479,,0.0,0.0,1,-1,2026-07-02,1,False,,,,
,Fomba L.,,1501,1501,1501,1501,,0.5,0.5,2,-1,2026-07-04,2,False,,,,
,Kotzen A.,,1522,1522,1522,1522,,1.0,1.0,1,1,2026-07-03,1,False,,,,
,Minarik K.,,1478,1478,1478,1478,,0.0,0.0,1,-1,2026-07-03,1,False,,,,
,Manning W.,,1478,1478,1478,1478,,0.0,0.0,1,-1,2026-07-04,1,False,,,,
,Landry W.,,1480,1480,1480,1480,,0.0,0.0,1,-1,2026-07-04,1,False,,,,
,Otte O.,,1499,1499,1499,1499,,0.5,0.5,2,-1,2026-07-12,2,False,,,,
,Kozlovsky M.,,1476,1476,1476,1476,,0.0,0.0,1,-1,2026-07-05,1,False,,,,
,Shen J.,,1476,1476,1476,1476,,0.0,0.0,1,-1,2026-07-05,1,False,,,,
,Opitz J.,,1501,1501,1501,1501,,0.5,0.5,2,-1,2026-07-06,2,False,,,,
,Haita S.,,1522,1522,1522,1522,,1.0,1.0,1,1,2026-07-05,1,False,,,,
,Marc L.,,1478,1478,1478,1478,,0.0,0.0,1,-1,2026-07-05,1,False,,,,
,Van Der Meerschen M.,,1502,1502,1502,1502,,0.5,0.5,2,-1,2026-07-06,2,False,,,,
,Maloney P.,,1521,1521,1521,1521,,1.0,1.0,1,1,2026-07-05,1,False,,,,
,Gannon C.,,1475,1475,1475,1475,,0.0,0.0,1,-1,2026-07-05,1,False,,,,
,Angelini L.,,1479,1479,1479,1479,,0.0,0.0,1,-1,2026-07-05,1,False,,,,
,Rojas C.,,1475,1475,1475,1475,,0.0,0.0,1,-1,2026-07-06,1,False,,,,
,Sheyngezikht L.,,1539,1539,1539,1539,,1.0,1.0,2,2,2026-07-09,2,False,,,,
,Mikovic N.,,1478,1478,1478,1478,,0.0,0.0,1,-1,2026-07-06,1,False,,,,
,Mikovic M.,,1544,1544,1544,1544,,1.0,1.0,2,2,2026-07-10,2,False,,,,
,Nobel E.,,1478,1478,1478,1478,,0.0,0.0,1,-1,2026-07-06,1,False,,,,
,Wakamatsu T.,,1552,1552,1552,1552,,1.0,1.0,3,3,2026-07-08,3,False,,,,
,Erlewein T.,,1522,1522,1522,1522,,1.0,1.0,1,1,2026-07-06,1,False,,,,
,Franke C.,,1478,1478,1478,1478,,0.0,0.0,1,-1,2026-07-06,1,False,,,,
,Cizek J.,,1476,1476,1476,1476,,0.0,0.0,1,-1,2026-07-06,1,False,,,,
,Wehnelt K.,,1524,1524,1524,1524,,1.0,1.0,1,1,2026-07-06,1,False,,,,
,Jansen W.,,1474,1474,1474,1474,,0.0,0.0,1,-1,2026-07-07,1,False,,,,
,Kumar S.,,1524,1524,1524,1524,,1.0,1.0,1,1,2026-07-07,1,False,,,,
,Gavrea M.,,1522,1522,1522,1522,,1.0,1.0,1,1,2026-07-07,1,False,,,,
,Blando M.,,1522,1522,1522,1522,,1.0,1.0,1,1,2026-07-07,1,False,,,,
,Sato C.,,1478,1478,1478,1478,,0.0,0.0,1,-1,2026-07-07,1,False,,,,
,Meligeni Rodrigues Alv,,1480,1480,1480,1480,,0.0,0.0,1,-1,2026-07-08,1,False,,,,
,Thurgur C.,,1522,1522,1522,1522,,1.0,1.0,1,1,2026-07-08,1,False,,,,
,Nguyen D.,,1480,1480,1480,1480,,0.0,0.0,1,-1,2026-07-08,1,False,,,,
,Sydow P.,,1522,1522,1522,1522,,1.0,1.0,1,1,2026-07-08,1,False,,,,
,Bergen Y.,,1459,1459,1459,1459,,0.0,0.0,2,-2,2026-07-10,2,False,,,,
,Vales A.,,1475,1475,1475,1475,,0.0,0.0,1,-1,2026-07-09,1,False,,,,
,Sanders O.,,1522,1522,1522,1522,,1.0,1.0,1,1,2026-07-09,1,False,,,,
,Ndumbe E.,,1478,1478,1478,1478,,0.0,0.0,1,-1,2026-07-09,1,False,,,,
,Munim D.,,1522,1522,1522,1522,,1.0,1.0,1,1,2026-07-09,1,False,,,,
,Malmygin R.,,1478,1478,1478,1478,,0.0,0.0,1,-1,2026-07-09,1,False,,,,
,Beckles D.,,1542,1542,1542,1542,,1.0,1.0,2,2,2026-07-11,2,False,,,,
,Bennaton G.,,1478,1478,1478,1478,,0.0,0.0,1,-1,2026-07-09,1,False,,,,
,Kirchheimer S.,,1499,1499,1499,1499,,0.5,0.5,2,1,2026-07-12,2,False,,,,
,Bharathy N.,,1477,1477,1477,1477,,0.0,0.0,1,-1,2026-07-11,1,False,,,,
,Jansson O.,,1503,1503,1503,1503,,0.5,0.5,2,-1,2026-07-12,2,False,,,,
,Majdandzic M.,,1476,1476,1476,1476,,0.0,0.0,1,-1,2026-07-11,1,False,,,,
,Krstic V.,,1524,1524,1524,1524,,1.0,1.0,1,1,2026-07-12,1,False,,,,
,Slavic N.,,1475,1475,1475,1475,,0.0,0.0,1,-1,2026-07-12,1,False,,,,
,Tazabekov D.,,1522,1522,1522,1522,,1.0,1.0,1,1,2026-07-12,1,False,,,,
,Lechner D.,,1478,1478,1478,1478,,0.0,0.0,1,-1,2026-07-12,1,False,,,,
,Lopez Escribano A.,,1477,1477,1477,1477,,0.0,0.0,1,-1,2026-07-13,1,False,,,,
,Fontes Damorim F.,,1475,1475,1475,1475,,0.0,0.0,1,-1,2026-07-13,1,False,,,,
,De Visser S.,,1522,1522,1522,1522,,1.0,1.0,1,1,2026-07-13,1,False,,,,
,Mahjoob C.,,1499,1499,1499,1499,,0.5,0.5,2,1,2026-07-15,2,False,,,,
,Charusorn P.,,1521,1521,1521,1521,,1.0,1.0,1,1,2026-07-13,1,False,,,,
,Vincent Ruggeri S.,,1476,1476,1476,1476,,0.0,0.0,1,-1,2026-07-13,1,False,,,,
,Yang Z.,,1522,1522,1522,1522,,1.0,1.0,1,1,2026-07-13,1,False,,,,
,Pinheiro N.,,1478,1478,1478,1478,,0.0,0.0,1,-1,2026-07-13,1,False,,,,
,Dahlin M.,,1482,1482,1482,1482,,0.0,0.0,1,-1,2026-07-14,1,False,,,,
,Rice K.,,1524,1524,1524,1524,,1.0,1.0,1,1,2026-07-14,1,False,,,,
,Bynoe E.,,1522,1522,1522,1522,,1.0,1.0,1,1,2026-07-14,1,False,,,,
,Stephenson E.,,1478,1478,1478,1478,,0.0,0.0,1,-1,2026-07-14,1,False,,,,
,Robinson C.,,1461,1461,1461,1461,,0.0,0.0,2,-2,2026-07-16,2,False,,,,
,Olszakowski S.,,1521,1521,1521,1521,,1.0,1.0,1,1,2026-07-14,1,False,,,,
,Uenoyama T.,,1476,1476,1476,1476,,0.0,0.0,1,-1,2026-07-14,1,False,,,,
,Gasanov R.,,1522,1522,1522,1522,,1.0,1.0,1,1,2026-07-14,1,False,,,,
,Vaisman T.,,1478,1478,1478,1478,,0.0,0.0,1,-1,2026-07-14,1,False,,,,
,Fita Juan S.,,1525,1525,1525,1525,,1.0,1.0,1,1,2026-07-15,1,False,,,,
,Burnett E.,,1522,1522,1522,1522,,1.0,1.0,1,1,2026-07-15,1,False,,,,
,Velasquez J.,,1459,1459,1459,1459,,0.0,0.0,2,-2,2026-07-16,2,False,,,,
,Warik C.,,1476,1476,1476,1476,,0.0,0.0,1,-1,2026-07-15,1,False,,,,
,Kim M.,,1521,1521,1521,1521,,1.0,1.0,1,1,2026-07-15,1,False,,,,
,Alkotop M.,,1522,1522,1522,1522,,1.0,1.0,1,1,2026-07-15,1,False,,,,
,Lim A.,,1478,1478,1478,1478,,0.0,0.0,1,-1,2026-07-15,1,False,,,,
,Picard M.,,1522,1522,1522,1522,,1.0,1.0,1,1,2026-07-15,1,False,,,,
,Aerne L.,,1478,1478,1478,1478,,0.0,0.0,1,-1,2026-07-15,1,False,,,,
,Moghimi S.,,1522,1522,1522,1522,,1.0,1.0,1,1,2026-07-16,1,False,,,,
,Pham La Hoang Anh A.,,1457,1457,1457,1457,,0.0,0.0,2,-2,2026-07-16,2,False,,,,
,Colombo K.,,1522,1522,1522,1522,,1.0,1.0,1,1,2026-07-16,1,False,,,,
,Rusher A.,,1521,1521,1521,1521,,1.0,1.0,1,1,2026-07-16,1,False,,,,
,De Visser T.,,1522,1522,1522,1522,,1.0,1.0,1,1,2026-07-16,1,False,,,,
,Volesky J.,,1478,1478,1478,1478,,0.0,0.0,1,-1,2026-07-16,1,False,,,,
,Tomizawa N.,,1524,1524,1524,1524,,1.0,1.0,1,1,2026-07-16,1,False,,,,
